,gene,intercept,interceptpvalue,cure1,curepvalue1,cure2,curepvalue2,cure3,curepvalue3,survival1,survivalpvalue1,survival2,survivalpvalue2,survival3,survivalpvalue3,cox1,coxpvalue1,cox2,coxpvalue2,cox3,coxpvalue3,logtest,waldtest,scoretest,flag
pvalue,hsa.let.7b,0.299135577,0.845157304,-1.54914445,0.351667644,-0.417770595,0.798966968,0.2510889,0.919381425,0.788910663,0.732315084,-0.630677904,0.788911303,-0.485408936,0.832999023,-0.607305174,0.348014098,-0.549154214,0.332547321,-0.195503837,0.718329611,0.706435896,0.703980463,0.697365558,1
pvalue1,hsa.let.7d,-0.4157146,0.695259589,-0.423224063,0.743582195,-0.622863549,0.614906583,9.110286857,0.073063693,1.244680835,0.184319149,0.820807337,0.516718378,-0.463691543,0.58915714,0.347966778,0.608171438,-0.079078779,0.906687651,0.856595238,0.143258085,0.263698371,0.25864796,0.23481553,1
pvalue2,hsa.mir.100,-0.071912169,0.957809545,2.73921837,0.401359907,-1.301635855,0.429980881,0.683725885,0.799689668,-0.964895562,0.721377166,0.783502048,0.782611831,-0.34971923,0.896314752,0.013841306,0.981821669,-0.691724115,0.306167268,0.186188675,0.735148077,0.464932183,0.527970574,0.505940625,1
pvalue3,hsa.mir.101.2,-0.463605135,0.611428798,-0.100192485,0.944336113,0.38686142,0.833447142,0.962427382,0.515041537,0.351742585,0.639845586,-0.177914234,0.852622608,-0.756170505,0.33355154,0.279897144,0.665141868,0.17273827,0.768614292,0.186641298,0.744369444,0.97686477,0.977638843,0.977522451,1
pvalue4,hsa.mir.106a,0.004029702,0.997751507,0.161382626,0.945113497,-0.450326899,0.79330087,1.807621416,0.460686973,-0.109495839,0.936873234,-0.255730132,0.851232831,-0.020000716,0.987861459,0.016414148,0.976483763,-0.428881433,0.488826297,0.654313895,0.249304528,0.37165208,0.357898845,0.334198592,1
pvalue5,hsa.mir.10a,-0.426506267,0.72900605,-1.221342936,0.391861528,-0.394164458,0.774637126,1.47628484,0.710592291,1.563881071,0.082900133,1.481542689,0.070270425,-1.087810716,0.21987502,-0.401664048,0.585083504,0.268790361,0.638126334,0.266694374,0.634113987,0.709026489,0.742670808,0.734046773,1
pvalue6,hsa.mir.10b,-0.335828597,0.701899983,0.125419809,0.955421134,0.200474316,0.83968767,0.860898705,0.758162234,-1.683371295,0.699773093,-0.478151792,0.836809347,-0.934684853,0.713316576,-1.063082628,0.146239752,-0.198574348,0.729703024,-0.033122212,0.952950464,0.343875578,0.444004407,0.408291737,1
pvalue7,hsa.mir.1180,-0.172007623,0.846239644,-0.580546041,0.614613888,-0.55977704,0.638303276,0.682983153,0.792173174,1.62529406,0.48229059,1.156398943,0.664586302,-0.452123187,0.84216999,0.478692822,0.460205936,0.276402454,0.659742274,0.232074751,0.706248408,0.90425786,0.905626131,0.904318395,1
pvalue8,hsa.mir.1245a,0.127436725,0.931023487,0.184570464,0.930937524,-1.093963666,0.515426925,0.854003052,0.751360527,-0.289530075,0.929927512,0.173181485,0.966492388,-0.734426336,0.824993941,-0.078967562,0.896575616,-0.687228178,0.279117286,-0.087653354,0.875442863,0.624275047,0.66559292,0.654079792,1
pvalue9,hsa.mir.1247,-0.369310728,0.640038685,0.539212288,0.819802943,-0.375006638,0.753528015,1.424831019,0.636715521,-0.898623373,0.422579698,-0.152987749,0.871484587,-1.854531258,0.541661879,-0.097734355,0.85532433,-0.353258045,0.547225616,-0.32896602,0.555279564,0.90654966,0.906597683,0.905622424,1
pvalue10,hsa.mir.1248,-0.919558248,0.169603697,1.51709142,0.420521744,1.480972309,0.410156172,1.263973441,0.295592022,-1.304192546,0.38785731,-1.311111009,0.251165855,-1.160960577,0.133751426,0.230849279,0.736576761,0.251395025,0.681766723,0.354882231,0.518061989,0.932612732,0.936249827,0.935552842,1
pvalue11,hsa.mir.1249,0.619218298,0.86554551,-1.757851966,0.656895065,2.340415756,0.648443708,-0.782964684,0.842864094,-0.875591987,0.273828859,-1.488186385,0.211381188,-0.762751703,0.329820302,-1.642524809,0.020621,-0.515746641,0.333065949,-0.857244482,0.1246726,0.09096333,0.116610584,0.084512486,1
pvalue12,hsa.mir.126,-0.264290701,0.725232562,-0.994151519,0.39564825,0.04884013,0.972339268,1.007576753,0.696772607,-0.495489602,0.834496968,-0.24496907,0.82076996,-1.401210924,0.570905649,-1.087780974,0.125841164,-0.070639803,0.8992684,-0.234806938,0.658660211,0.348477751,0.444632466,0.410310222,1
pvalue13,hsa.mir.1262,-0.132411188,0.921962627,-0.032304832,0.983872051,-0.845494073,0.646344692,1.097250236,0.733774361,0.848650413,0.486745561,0.309721549,0.862497309,0.114274729,0.927855879,0.498782059,0.440525657,-0.383753475,0.588877538,0.689525681,0.239306999,0.220141651,0.260324444,0.2314792,1
pvalue14,hsa.mir.1266,0.203648585,0.876788887,-0.132887846,0.940546611,-0.447388344,0.785954301,-0.140308097,0.92399968,-0.342311601,0.927783511,-0.919585408,0.820676327,-0.379563911,0.922056226,-0.381020533,0.532343573,-0.867548393,0.182398794,-0.406659253,0.482004349,0.606250763,0.616613377,0.604344772,1
pvalue15,hsa.mir.1269a,-0.681289334,0.27261065,-0.172281924,0.870616864,-0.131514563,0.904176188,1.573300687,0.681365468,-0.784275464,0.416787922,-0.915345399,0.430832048,-2.171072266,0.024862927,-0.479767892,0.428769251,-0.431738706,0.478814389,-0.083267441,0.875308266,0.794338586,0.798460137,0.794969472,1
pvalue16,hsa.mir.1277,0.179674652,0.925141545,-1.203070591,0.599584498,-0.592543157,0.772951068,0.94521883,0.819249273,-1.491740768,0.732862899,0.289536751,0.75169361,-1.529748166,0.171351636,-1.676195766,0.040530666,-0.243433295,0.644954958,-0.471557389,0.384786107,0.109299442,0.218297419,0.160234,1
pvalue17,hsa.mir.1287,-0.18904477,0.896864449,-0.404411965,0.830295892,0.354618256,0.848566146,0.365128451,0.869189591,0.483808419,0.902482874,-0.003441202,0.999285908,-0.10794984,0.97843941,0.057619367,0.931637975,0.272081426,0.654658577,0.149222818,0.812136884,0.967953228,0.968016973,0.967852135,1
pvalue18,hsa.mir.129.2,-0.426994141,0.588927268,1.98635809,0.347008414,0.27302191,0.781826307,1.038700586,0.612960916,-1.082450338,0.666712323,-0.485976976,0.842209219,-1.00389188,0.717427605,0.200847186,0.743817295,-0.048857997,0.933731417,0.042552643,0.942547885,0.976528295,0.975735074,0.975610597,1
pvalue19,hsa.mir.1291,-1.017863341,0.245978063,1.105425782,0.414897137,0.639591905,0.672769699,1.325126019,0.376325509,0.354853724,0.763988616,0.532448562,0.655946453,-0.887842664,0.803453173,0.980404711,0.148786962,0.844617052,0.234954822,0.415594096,0.540585916,0.40002748,0.426538619,0.4049873,1
pvalue20,hsa.mir.1296,-0.362004464,0.71531942,-0.077657759,0.961438823,0.137814986,0.927545962,0.698583197,0.753663564,-0.285462944,0.809778436,0.162217214,0.838282033,-0.900088801,0.336272406,-0.184146791,0.784329896,0.237094837,0.678543196,-0.006733983,0.990629838,0.911868599,0.911115438,0.910052799,1
pvalue21,hsa.mir.1301,0.410878246,0.594686322,-2.438692453,0.008496384,-1.030506841,0.355746286,0.276535628,0.918116931,2.001121624,0.565275617,-0.102782336,0.906210852,-0.760607252,0.375489905,-1.037999687,0.13292831,-0.721772775,0.219737003,-0.261046492,0.600789571,0.359631259,0.388794245,0.364760809,1
pvalue22,hsa.mir.1306,-0.11410107,0.927004213,-0.565551097,0.708619728,-0.676101651,0.640782327,5.980611704,0.1556368,0.730676377,0.431335803,0.23649709,0.854952226,-0.665553552,0.405287366,-0.039946021,0.951332155,-0.381278592,0.576633676,0.421467421,0.478385678,0.510279163,0.51304362,0.497728087,1
pvalue23,hsa.mir.1307,-0.440038991,0.537773428,-0.007918863,0.993390081,0.00816403,0.994604572,1.651580485,0.622303001,1.099130277,0.173616054,-0.23006144,0.84908468,-1.113336209,0.224096957,0.639124744,0.27982323,-0.086498432,0.886642568,0.190718792,0.744892192,0.602214396,0.578420955,0.565829661,1
pvalue24,hsa.mir.130a,0.220578895,0.855657411,-0.998797655,0.523137436,-0.650265677,0.704829108,0.35317455,0.916566987,-0.487493305,0.501167356,-0.390304544,0.715220656,-0.532301949,0.45465457,-0.979739751,0.156283075,-0.6502804,0.26906024,-0.139156544,0.779263018,0.370024537,0.41127106,0.387902912,1
pvalue25,hsa.mir.130b,-0.245126985,0.758797566,-0.046109408,0.982282536,-0.593112479,0.621335343,0.935103455,0.771413594,0.783640761,0.760131262,-0.684051936,0.8878717,-0.905295219,0.706729795,0.456656984,0.435962649,-0.821388606,0.223642344,0.005325482,0.992449702,0.205616106,0.251319454,0.217731549,1
pvalue26,hsa.mir.135b,-0.034984852,0.971900195,-1.68083804,0.173133956,-0.567467131,0.658059592,6.803026572,0.154196964,1.514236813,0.140894404,0.715598231,0.616151797,-0.898472309,0.26391791,-0.653969984,0.357159658,-0.061063032,0.913519728,0.264597603,0.616680297,0.542303199,0.589490751,0.571437799,1
pvalue27,hsa.mir.139,0.015042119,0.99361642,-0.331307333,0.886032494,-0.647653524,0.760488205,0.283620307,0.908570566,-0.226899935,0.955949462,0.879031281,0.798573313,-0.197838153,0.954302327,-0.324853317,0.629243936,0.128278257,0.838495281,0.1033906,0.86416716,0.852620727,0.865351065,0.862842015,1
pvalue28,hsa.mir.141,0.236031035,0.919695013,-1.866346764,0.439025745,-0.19122975,0.943244963,-0.100046868,0.975482531,1.700990735,0.058924467,-0.107938126,0.907966945,-1.661870333,0.673420387,-0.713203404,0.256816896,-0.161462183,0.756173054,-0.838085182,0.136290177,0.374662053,0.384151838,0.364690621,1
pvalue29,hsa.mir.142,0.214969093,0.817081334,-0.651862836,0.600172106,-0.439789481,0.821169718,1.252268092,0.554580296,0.077229211,0.932974635,-0.297736202,0.922009326,-0.8648838,0.319164167,-0.326137986,0.572418169,-0.401271512,0.458550107,-0.236156458,0.667517213,0.891810698,0.888643219,0.887236107,1
pvalue30,hsa.mir.143,-0.354044061,0.7068083,1.02758626,0.685152472,-0.151566397,0.903061517,0.814381814,0.687706631,-0.722213967,0.768678166,-0.300295097,0.751085192,-0.454664233,0.648631978,0.103695303,0.864410757,-0.278064571,0.660413833,0.256986253,0.645842322,0.805088507,0.814734305,0.81099699,1
pvalue31,hsa.mir.145,-0.245610578,0.815939362,-1.147356718,0.37337867,0.814819893,0.757603322,0.703233658,0.764160175,0.386671316,0.898488592,-1.218156777,0.805670034,-0.384697982,0.898564891,-0.69385016,0.327353506,-0.361599162,0.551215147,0.248284354,0.625337767,0.406324424,0.439280937,0.417810239,1
pvalue32,hsa.mir.1468,-0.274248714,0.84744525,-0.720673247,0.626539223,0.823514265,0.722595124,0.332404468,0.866034568,1.476102151,0.499612626,0.13519638,0.951636696,-0.175172896,0.94259806,0.310610001,0.64406808,0.541076726,0.379097858,0.201816737,0.745424846,0.829727402,0.830047472,0.826994554,1
pvalue33,hsa.mir.146a,3.225552692,0.325211744,-3.880482021,0.266438378,-2.505651701,0.568079194,-3.672488512,0.284739641,1.134829008,0.199433582,-0.41918919,0.718493175,0.767405133,0.421283092,-0.542190725,0.353604085,-0.651165956,0.263560272,-0.595866519,0.289882193,0.691458225,0.656931267,0.646255584,1
pvalue34,hsa.mir.147b,1.201033555,0.738840517,-1.960634367,0.604034811,0.767837241,0.849827145,-1.527474905,0.67773112,0.966467856,0.414873932,-0.054412195,0.949480458,0.064495622,0.954633959,-0.596476565,0.285536406,-0.017523613,0.975245848,-0.742204708,0.18319635,0.436088635,0.436422881,0.419853751,1
pvalue35,hsa.mir.148a,0.524464457,0.830762604,-1.166866051,0.64494948,-1.205185827,0.643858531,0.506005686,0.904458654,0.909731704,0.407473523,1.833466587,0.035584166,-0.37896116,0.750767688,-0.207214869,0.733606545,0.250034438,0.669609105,-0.024306806,0.966954216,0.878934701,0.87635348,0.874584112,1
pvalue36,hsa.mir.148b,-0.505567154,0.634081574,-0.264924613,0.845499201,0.002838895,0.998185107,6.22444632,0.171785922,0.411437531,0.923891958,0.264943248,0.950771836,-1.168949315,0.779624222,0.050219067,0.940482577,0.095945405,0.879103059,0.408319762,0.498126474,0.872415155,0.867271561,0.865462611,1
pvalue37,hsa.mir.149,0.067493745,0.966781351,0.047282817,0.984461018,-0.835198034,0.644944482,0.568731508,0.830891433,-0.889603237,0.680196558,0.691306698,0.477122396,0.157899685,0.828260143,-0.73833801,0.31484917,-0.186650599,0.758226201,0.425814997,0.430744949,0.266392716,0.297173261,0.268166433,1
pvalue38,hsa.mir.150,-0.383801982,0.470627075,0.640672799,0.792076111,-0.050880544,0.951957052,0.809888643,0.696737328,-1.868209866,0.367401934,-0.832493567,0.347829866,-1.484309791,0.170084141,-0.743613451,0.285155897,-0.415023697,0.457357027,-0.234160586,0.643333233,0.716935426,0.729759511,0.722301716,1
pvalue39,hsa.mir.151b,1.553049163,0.671341895,-2.075066984,0.588724614,-1.516736272,0.704783822,-1.56147821,0.676490245,0.764848521,0.639431718,0.398017979,0.816407623,0.127275598,0.931573899,-0.353202307,0.666675834,-0.2339617,0.772788738,-0.414703723,0.599005284,0.95515143,0.951845885,0.951288374,1
pvalue40,hsa.mir.153.1,1.798423652,0.732319162,-2.842645063,0.600589111,-2.697003275,0.617918019,-0.972861499,0.876850534,0.983517623,0.675149442,1.109905474,0.809725911,-0.638839314,0.770088945,-0.901532217,0.194295207,-0.702531397,0.323685401,-0.585330269,0.386065131,0.669782976,0.628674104,0.61234786,1
pvalue41,hsa.mir.153.2,-0.857409578,0.323162723,0.405664376,0.706894111,-0.436816024,0.729651649,2.458076061,0.571599962,1.08728499,0.203075214,0.350278402,0.833240437,-0.47906638,0.540112204,0.844160396,0.213302589,-0.179552003,0.826344512,0.974706112,0.135596029,0.138677834,0.190242686,0.158142275,1
pvalue42,hsa.mir.154,-0.489342197,0.607413271,0.984960033,0.530061766,-0.995271356,0.378986351,0.861021905,0.614133722,-0.468038596,0.874482667,0.159091593,0.957531743,-0.965400976,0.743954568,0.29554066,0.598409475,-0.701114142,0.33781583,-0.016811867,0.976556125,0.465061316,0.52362728,0.500028,1
pvalue43,hsa.mir.155,0.290639674,0.858166204,-0.730220561,0.721446307,-0.388509222,0.848302389,-0.242375959,0.932874436,0.002167083,0.999378413,-0.917944475,0.794525424,-0.299839088,0.758901531,-0.450161488,0.443104788,-0.824425314,0.18975721,-0.28222782,0.578474351,0.592954329,0.610667553,0.597574462,1
pvalue44,hsa.mir.15b,0.367402245,0.770626118,-2.221864341,0.105765255,-0.846898422,0.649421132,0.2020805,0.942918063,1.82705252,0.596644248,0.001257846,0.998837468,-0.847446332,0.712318768,-0.804811015,0.244021056,-0.521278849,0.350840907,-0.343795263,0.500634756,0.64763274,0.648564785,0.637736952,1
pvalue45,hsa.mir.16.2,0.40158098,0.765022831,-1.866161434,0.235775521,-0.984980213,0.551716256,0.861680621,0.810588355,1.110513261,0.155349919,0.23704645,0.874995306,-0.840421449,0.269074588,-0.802384029,0.215201359,-0.489521447,0.422122525,-0.151406553,0.771437534,0.559001088,0.585693645,0.571864915,1
pvalue46,hsa.mir.181a.2,0.096978119,0.93697162,0.190154899,0.930214464,-0.437807874,0.796072627,0.104310979,0.962524351,-0.576369952,0.848199788,-0.61850647,0.84603414,-0.152694024,0.960676707,-0.289579708,0.634173896,-0.606268637,0.320784334,-0.043626031,0.934284195,0.708177652,0.72779994,0.720898153,1
pvalue47,hsa.mir.181c,0.000461632,0.999599871,-0.761315992,0.480406148,-1.186170626,0.368267007,0.899272055,0.770635641,2.020818656,0.372588899,0.717827251,0.799898083,-0.261844454,0.705002447,0.528458827,0.400128009,-0.404760079,0.568523634,0.410984654,0.489942824,0.382262649,0.430034775,0.406476346,1
pvalue48,hsa.mir.182,0.032662789,0.974664218,-1.313789726,0.248288954,-1.686931892,0.160501968,1.658959814,0.696642096,2.240631218,0.345013579,2.12846396,0.037217907,-0.603909051,0.516731208,-0.046797544,0.941118606,-0.632018857,0.349672182,0.410325303,0.449294744,0.307754428,0.344937351,0.317303281,1
pvalue49,hsa.mir.186,-0.377355743,0.764833493,-0.224671321,0.891811444,-0.376720564,0.814669268,1.706539004,0.720325998,0.728142374,0.818568967,0.204077782,0.945696719,-0.682676937,0.816999412,0.29070682,0.652780405,-0.200915859,0.76614724,0.438743803,0.46072113,0.650566546,0.665444235,0.656573332,1
pvalue50,hsa.mir.188,0.079136643,0.940818191,-0.146868764,0.940085224,-0.827416216,0.488410064,0.942417655,0.794021291,0.67045786,0.539911524,1.396898676,0.120028631,-1.001502302,0.734629425,0.313764964,0.593031996,0.126796197,0.829374369,-0.151893599,0.802562796,0.862152631,0.861790838,0.859708068,1
pvalue51,hsa.mir.18a,-0.781677243,0.308570457,0.578015534,0.707902018,0.708304646,0.619008126,1.42061224,0.564285481,-0.350332833,0.894583465,-0.671044259,0.444135466,-1.185033815,0.13826111,0.259287453,0.682375912,0.142685741,0.808464231,0.245531574,0.667296378,0.970891769,0.971896231,0.971734002,1
pvalue52,hsa.mir.190a,0.571877273,0.748320444,-0.724163229,0.800511914,-0.365028917,0.864884174,-1.192931714,0.515088842,-0.448569114,0.804446635,-1.529981398,0.652889017,-0.43084585,0.690836385,-0.737794635,0.217521582,-1.182791238,0.033967729,-1.0961849,0.040045194,0.109657279,0.094669668,0.071852202,1
pvalue53,hsa.mir.191,-0.518022984,0.521935426,0.642371353,0.689177051,-0.574468602,0.65171975,1.788984132,0.564001092,0.29525376,0.777337116,-0.013732074,0.995489589,-0.773815793,0.737658722,0.654990313,0.300548582,-0.4783373,0.501081579,0.439545896,0.459080572,0.237489898,0.284100754,0.254331131,1
pvalue54,hsa.mir.192,-0.159413086,0.903462634,-0.580634544,0.713477489,-0.085963634,0.964920096,0.767042505,0.788318628,0.833955697,0.495587145,-0.053757973,0.98364273,-0.513506713,0.571530936,0.073347699,0.903650298,-0.05454539,0.931511273,0.165168906,0.768013969,0.980609721,0.980655798,0.980581708,1
pvalue55,hsa.mir.193a,0.02406562,0.986268615,-0.942216956,0.596622225,-0.148307209,0.934779989,0.441908677,0.817202128,0.255674098,0.784439937,-0.29444056,0.736148044,-0.471887411,0.828274262,-0.458181942,0.49547639,-0.273553987,0.642610248,-0.017357064,0.975330207,0.855546039,0.860912521,0.858776018,1
pvalue56,hsa.mir.193b,-0.202664351,0.874969382,0.162575693,0.919657275,0.229747944,0.909885641,0.391252751,0.840566488,-0.972852644,0.244967006,-0.511056253,0.643106735,-0.583487126,0.48448842,-0.585978677,0.411808676,-0.158606942,0.776370495,-0.057238728,0.914161758,0.841991102,0.860710718,0.856977067,1
pvalue57,hsa.mir.196a.2,-0.324267675,0.746998881,-0.841310809,0.476794391,-0.372584581,0.761176369,1.162258025,0.771795776,1.654474495,0.647532085,1.210610123,0.671660619,-1.500834657,0.664786934,-0.068332193,0.914191616,0.343886907,0.559675074,0.051351639,0.928620533,0.899793242,0.894652757,0.893259173,1
pvalue58,hsa.mir.196b,-0.56886309,0.574729715,1.230022249,0.685427519,0.379931944,0.757844322,1.363310911,0.61497687,1.529463436,0.60302463,0.913348071,0.746134726,0.144265349,0.96319943,1.724455879,0.012139237,0.801815684,0.246391224,0.858474288,0.213907435,0.061718873,0.064763555,0.042347108,1
pvalue59,hsa.mir.197,0.700466419,0.674619516,-1.619333806,0.434683888,-1.541184045,0.406941928,0.121049131,0.959824687,0.790827136,0.528986038,0.903961288,0.440141764,-0.217943799,0.802952913,-0.471455218,0.484993837,-0.406309378,0.508394666,0.014010308,0.979997247,0.751802973,0.758533741,0.753848884,1
pvalue60,hsa.mir.1976,-0.327093771,0.732917228,-0.575780552,0.670444821,0.18791256,0.892081039,1.501994088,0.688130039,0.126313362,0.958666826,-0.534696882,0.582148696,-0.788422804,0.772776948,-0.380215848,0.573358484,-0.21925368,0.718227856,0.268095689,0.625398381,0.664153043,0.665398871,0.657067797,1
pvalue61,hsa.mir.199b,0.903564833,0.780864488,-1.448753266,0.661007054,-1.989511979,0.556769083,-0.129238171,0.974195153,1.388478128,0.569606792,1.876844938,0.468469669,0.097951491,0.968718182,-0.058206508,0.923811582,-0.37226162,0.520493602,0.068550093,0.899308475,0.85902885,0.867945362,0.865807885,1
pvalue62,hsa.mir.19a,1.834271845,0.496500091,-3.178733089,0.269783734,-2.826761084,0.336787069,-1.047303458,0.769922965,0.317146679,0.923851788,0.400717214,0.8963196,-0.272867409,0.728119129,-1.556709613,0.022133192,-1.129313415,0.06121106,-0.44948408,0.355543368,0.051854712,0.071905523,0.048623526,1
pvalue63,hsa.mir.19b.1,0.327282998,0.737022805,-2.058510924,0.056931766,-1.043238711,0.50657899,0.231384025,0.877554626,0.488610255,0.568718313,0.00966977,0.994817565,-0.832865291,0.26382995,-1.278255738,0.064719051,-0.638835266,0.276899494,-0.330140446,0.508739846,0.238447161,0.291454678,0.256986926,1
pvalue64,hsa.mir.200c,0.742711898,0.564271611,-2.154247436,0.132882795,-1.464621142,0.348935385,0.004763172,0.998815014,2.005009923,0.036446589,1.216986273,0.289599729,-0.116637076,0.914547769,-0.246606409,0.715206738,-0.11314592,0.85343127,0.082489533,0.881952468,0.948732272,0.950219594,0.949829247,1
pvalue65,hsa.mir.203a,-0.505136267,0.520132294,-0.275431648,0.834233807,1.283631945,0.644275764,0.950990253,0.486715549,-0.110546458,0.972925555,-0.681874448,0.831750426,-0.430922119,0.886511524,-0.274718081,0.683028506,0.325309085,0.56879543,0.303119036,0.595372244,0.718184278,0.738653736,0.731877224,1
pvalue66,hsa.mir.203b,0.555513796,0.670685578,-0.798564708,0.649101369,-1.267207538,0.424402527,0.466178961,0.882078951,-1.51452801,0.771928721,0.055733348,0.954631072,-0.355761996,0.717801994,-1.317836475,0.052391947,-0.824225603,0.151561118,-0.065865664,0.892746239,0.097536802,0.136786171,0.10710344,1
pvalue67,hsa.mir.204,-1.284993455,0.117208716,0.802797102,0.595978521,1.49295336,0.321607879,1.850415537,0.293468587,-0.551041272,0.933635978,-1.380456272,0.836207235,-1.234209132,0.854346545,0.365196694,0.618449684,0.295521256,0.662975144,0.634253573,0.342715338,0.78170757,0.786749354,0.781968193,1
pvalue68,hsa.mir.20b,-0.688525886,0.504048788,1.44577297,0.488611984,0.098883236,0.935513905,0.951547921,0.489333838,-0.639526344,0.919552857,0.763474488,0.901528695,-0.172157934,0.977181649,0.362868459,0.61962615,0.470841457,0.488250488,0.5464522,0.413695035,0.855594374,0.872039509,0.869005704,1
pvalue69,hsa.mir.21,0.208496396,0.897114672,-1.533310887,0.372261552,0.031400603,0.98926633,-0.143670318,0.947698398,0.86794403,0.408796677,-0.268172986,0.799816406,-0.605618739,0.549169911,-0.588418089,0.363244772,-0.134780005,0.804218857,-0.407227158,0.467862025,0.770879185,0.775219892,0.770600659,1
pvalue70,hsa.mir.210,2.571667744,0.333925201,-2.455805422,0.424696209,-3.023638406,0.306263985,-2.648114423,0.361786271,1.257612947,0.358035674,1.899511759,0.197849037,1.359839102,0.333444718,0.224269014,0.712128536,0.290580739,0.621384479,0.191572845,0.744835494,0.966614838,0.968106929,0.967889357,1
pvalue71,hsa.mir.2110,0.008885594,0.994952438,-0.824845416,0.584100385,-0.97635988,0.54207605,1.44819902,0.780956608,0.359161267,0.723407036,-0.391688673,0.743269861,-1.354078102,0.092993525,-0.394188895,0.516755831,-0.916928359,0.132142196,-0.174244405,0.741959503,0.418038002,0.459134696,0.437790362,1
pvalue72,hsa.mir.212,0.017615435,0.987476862,0.027509249,0.991318338,0.502638021,0.802103962,-0.628538898,0.6467673,0.522353222,0.629443065,-0.061837824,0.930658321,0.636672266,0.510150344,0.406819541,0.517814931,0.289998546,0.636756571,0.001578291,0.998054813,0.858874878,0.860219862,0.858295602,1
pvalue73,hsa.mir.215,-0.118788311,0.847037018,1.500520696,0.737295081,-0.222952557,0.861915516,-1.915581873,0.036269495,-0.771573801,0.408325134,0.241649545,0.815194239,1.700728779,0.053104392,0.220650745,0.661744675,0.00174076,0.997473032,-0.820876066,0.229863086,0.414062449,0.497349153,0.467626902,1
pvalue74,hsa.mir.216a,-0.407662581,0.818817329,0.116230316,0.950499071,-0.583245759,0.778255503,0.996720077,0.663364104,1.334546704,0.004462915,0.915637438,0.524330793,0.159965063,0.813989337,0.876953347,0.267745526,0.194339546,0.816532937,0.813951373,0.295676317,0.426673557,0.468812953,0.449094303,1
pvalue75,hsa.mir.217,-0.193335737,0.872100959,0.03249129,0.986382297,-0.750777955,0.648741855,0.584954371,0.794719465,-0.487422788,0.877705938,0.812995396,0.802588301,-0.431821132,0.895176034,-0.343776962,0.609774626,-0.129754431,0.830954499,0.151788359,0.784246466,0.854560963,0.85989833,0.857736165,1
pvalue76,hsa.mir.218.1,1.27538392,0.517368004,-1.619030117,0.470941155,-2.055841539,0.319079417,-1.058660121,0.630751236,-0.015911297,0.996986273,-0.052693718,0.988382884,0.3431862,0.926158859,-0.734247806,0.230415365,-1.081487499,0.127222897,-0.158827689,0.760537792,0.285450738,0.325735083,0.298519675,1
pvalue77,hsa.mir.219a.1,0.448503605,0.820452114,-1.33666468,0.537815783,-1.020887582,0.612494394,0.046795868,0.987606096,1.690789273,0.449398019,-0.202172849,0.947502599,-1.120979313,0.24925638,0.016257809,0.977636961,-0.740678214,0.204229898,-0.566817417,0.311978907,0.454941894,0.451072416,0.435302228,1
pvalue78,hsa.mir.221,-0.029836559,0.972944684,-2.148847171,0.074358181,-0.660950751,0.57410021,0.851710663,0.759374625,1.16360317,0.657331779,0.58843606,0.663797872,-0.561439147,0.496045591,-0.985929794,0.229693321,-0.119086504,0.830814546,0.150580572,0.771515414,0.437750099,0.538843004,0.504653875,1
pvalue79,hsa.mir.223,0.276079518,0.847572844,1.147035558,0.807038003,-1.541543018,0.30386783,-1.028824572,0.529755036,-0.288841916,0.745888492,0.320916988,0.786757243,0.312140066,0.749556541,0.277143348,0.585572666,-0.831527571,0.23189284,-0.551067154,0.322951762,0.229508392,0.248690146,0.22194546,1
pvalue80,hsa.mir.224,-0.280597371,0.816432371,0.072983325,0.957491127,0.809708266,0.652516896,0.480446296,0.842819253,1.310537611,0.803541199,-0.870946208,0.871088625,-0.112431031,0.983334886,0.849146294,0.203761984,-0.210239847,0.784008891,0.361929423,0.591856847,0.287107798,0.291886788,0.266185694,1
pvalue81,hsa.mir.2355,-0.161900376,0.844989802,0.008812763,0.995166897,-0.498999671,0.717589853,0.651648808,0.806081735,0.721707872,0.38176742,-0.183496117,0.82410869,-0.691351502,0.559965397,0.511134816,0.371224288,-0.429382765,0.522663248,0.052403239,0.927289554,0.466273501,0.471824204,0.452116637,1
pvalue82,hsa.mir.23a,-0.255492041,0.830184177,-1.028521867,0.497231371,0.13719583,0.918784872,1.45041964,0.684618225,0.330583727,0.724898721,0.020284985,0.98038248,-0.629273832,0.341772759,-0.546429051,0.454958687,0.119165503,0.835282734,0.317186535,0.57032919,0.5836665,0.632019641,0.615922439,1
pvalue83,hsa.mir.23b,-0.375498464,0.730391026,-1.057215082,0.416665875,0.456249325,0.784209253,1.843405058,0.693000919,0.627037884,0.875293714,0.205026169,0.958878524,-0.388466956,0.919853306,-0.591000387,0.442942077,0.443303057,0.470704856,0.59791042,0.31293659,0.221314486,0.289897219,0.25501324,1
pvalue84,hsa.mir.24.2,-0.304474397,0.753214989,-0.397892802,0.820327249,-0.128642309,0.933270056,1.369792866,0.683434119,0.127727245,0.905230836,-0.688395464,0.566663244,-0.717676707,0.312644362,-0.122869894,0.846790876,-0.450839323,0.477473868,0.299552403,0.585886146,0.564737463,0.576603984,0.563385447,1
pvalue85,hsa.mir.25,1.645069686,0.555539468,-3.653765296,0.194029897,-2.004826199,0.513181212,-1.246579274,0.715831122,2.72507295,0.306526603,0.904716691,0.423443826,-0.289209597,0.721809298,-1.129640845,0.112508225,-0.254813047,0.641253298,-0.440785887,0.427745835,0.384778391,0.44794526,0.419152275,1
pvalue86,hsa.mir.27a,-0.847533385,0.173765864,0.681302784,0.596622828,1.563388651,0.518384,1.052668194,0.464530989,0.162269476,0.848000436,-1.257125696,0.717031421,-0.745889001,0.410493975,0.628285989,0.318163955,0.160494462,0.80423001,0.376187794,0.539871193,0.745364869,0.744403794,0.738658462,1
pvalue87,hsa.mir.27b,-0.579729455,0.434439877,0.231792739,0.883986359,0.595189352,0.730089966,0.957655682,0.497279405,0.023376573,0.993915883,-1.683046686,0.783364587,-0.538785675,0.857671012,0.264267604,0.664833582,-0.687564158,0.347459013,0.385296954,0.476139409,0.326814865,0.40878626,0.375670578,1
pvalue88,hsa.mir.296,1.495576982,0.530594051,-2.387521179,0.341836088,-1.224604308,0.726675218,-1.758837764,0.505767561,1.791478649,0.00361737,-1.416123219,0.843558986,0.051861507,0.983893821,-0.313283611,0.562331363,-1.037856136,0.107520424,-0.692897029,0.216061786,0.369931354,0.384122891,0.362406696,1
pvalue89,hsa.mir.299,0.705478355,0.808253705,1.022725332,0.775830424,-0.804967932,0.813692074,-1.301784825,0.675874474,-0.380210789,0.687425266,-0.002515575,0.99850282,0.353579844,0.73206269,-0.073415854,0.901300325,-0.381769603,0.47762197,-0.565715241,0.311493241,0.733701099,0.734641266,0.729166772,1
pvalue90,hsa.mir.29a,-0.187404711,0.801900569,-1.103381297,0.346952851,-0.054731873,0.981638628,0.522416105,0.808370567,1.058690114,0.765371619,0.04393462,0.974601911,-0.427052079,0.496613231,-0.08971374,0.894788979,0.032240013,0.957649784,0.110726078,0.840717348,0.989320273,0.989472859,0.989443741,1
pvalue91,hsa.mir.29b.2,-0.412582449,0.612891559,-0.730120733,0.457538993,0.24554123,0.862050057,1.052713677,0.778812033,1.363899352,0.591313082,0.646442777,0.820998309,-0.78677862,0.808657492,0.19625367,0.770732326,0.56231076,0.359823962,0.219254362,0.72123054,0.80504981,0.799527652,0.795615601,1
pvalue92,hsa.mir.301a,-0.473804375,0.79969784,-0.733801329,0.728485027,-0.301737451,0.880309254,7.342117527,0.164433814,1.499403936,0.655188147,0.998718202,0.797823835,-0.833812514,0.2267763,0.192873753,0.785915642,0.26302587,0.668986554,0.605645607,0.314097619,0.749988865,0.747026664,0.741381616,1
pvalue93,hsa.mir.301b,-1.001783244,0.390393659,1.573406703,0.526745772,0.127119291,0.918645058,7.322074027,0.188366665,-0.920043689,0.746296612,0.617489998,0.806602819,-1.323284254,0.59366582,0.42150786,0.565152659,0.198926427,0.775047285,0.762909191,0.246935007,0.57251303,0.572222392,0.559795273,1
pvalue94,hsa.mir.3065,-0.183478414,0.817949109,-0.084797963,0.964387547,0.236154347,0.901214816,0.371253904,0.867284247,-0.68345719,0.778256053,-0.602806478,0.453466136,0.017610862,0.985630845,-0.49969803,0.480849061,-0.226971826,0.694787534,0.293878959,0.570300384,0.580358551,0.591558834,0.578994201,1
pvalue95,hsa.mir.3074,0.667270077,0.741870266,-2.946942547,0.16698332,-1.409990084,0.552092126,-0.271482811,0.897746346,1.810194883,0.646445991,-0.326060333,0.801343997,-1.009040038,0.158730288,-1.437486368,0.066328001,-1.061480428,0.058314654,-0.708466416,0.138278099,0.129264411,0.124478653,0.097648288,1
pvalue96,hsa.mir.30a,0.204478001,0.892330235,-0.64397342,0.750456969,-0.671406011,0.730676909,-0.043402651,0.979594653,-0.758423454,0.373963324,-0.047513853,0.959175784,-0.524238681,0.804685543,-0.867987116,0.168327105,-0.397278222,0.502072522,-0.316423727,0.534910429,0.563577321,0.587388751,0.572373583,1
pvalue97,hsa.mir.30b,0.506817359,0.709701398,-1.451280574,0.411570097,-0.885112417,0.713949017,-0.253644648,0.878278299,0.078187039,0.975242099,0.002224051,0.999646841,-0.461716819,0.562486274,-0.914478898,0.159048398,-0.501819588,0.410209069,-0.401106322,0.451899623,0.554864199,0.563353164,0.547198279,1
pvalue98,hsa.mir.30c.2,-0.209643832,0.829408009,-0.917157595,0.436659041,-0.166762005,0.915035733,0.897375916,0.68645477,0.784537891,0.748359373,0.557277331,0.828359261,-0.797372668,0.345105558,-0.229934474,0.733223579,0.21011621,0.721012813,0.060905442,0.913522168,0.914497466,0.918000466,0.916916959,1
pvalue99,hsa.mir.30d,0.768667541,0.588879217,-1.363756143,0.37288815,-1.886213704,0.228384427,0.517087696,0.888936337,1.555849228,0.12371192,0.734369577,0.863163924,0.308252695,0.74488516,0.372213061,0.567152548,-0.659168935,0.361228557,0.506068765,0.390757185,0.175840053,0.233977164,0.200201844,1
pvalue100,hsa.mir.30e,-0.220678087,0.791211348,-0.84656066,0.462470368,-0.168922857,0.904895564,4.638120559,0.246987626,0.680388467,0.779226362,-0.426976892,0.892886623,-1.198910534,0.598129352,-0.236437665,0.709465914,-0.345815322,0.585006171,0.217698778,0.693045674,0.723343343,0.725379729,0.719449677,1
pvalue101,hsa.mir.31,-0.540562896,0.48716582,2.671990584,0.512653201,-0.413529595,0.691137907,1.160454929,0.491154783,-1.095395561,0.678384836,-0.28866117,0.723745794,-1.139031778,0.592105913,0.34982364,0.552027113,-0.568177278,0.372727268,-0.006610247,0.990789635,0.46606378,0.492260289,0.473160506,1
pvalue102,hsa.mir.3127,0.645765896,0.600132385,-0.992251084,0.549710968,-0.977244027,0.497192482,-0.323616598,0.865846939,1.070275284,0.266751297,0.157471959,0.904791766,0.28379876,0.759484102,0.240141697,0.71074378,-0.316585083,0.631491978,0.109427873,0.857256498,0.786025217,0.797144335,0.793102524,1
pvalue103,hsa.mir.3130.1,-0.319535843,0.766655416,-0.636217002,0.681681714,0.302106663,0.826707658,4.943553056,0.238532623,-0.727719646,0.267566015,-0.717982118,0.376094871,-2.758184332,0.533903001,-1.09436047,0.101020141,-0.287517086,0.590276086,-0.659091943,0.258135285,0.337160925,0.361794397,0.338641437,1
pvalue104,hsa.mir.3130.2,-0.608976048,0.429331357,-0.081253774,0.938883519,0.314267545,0.836652301,5.774294083,0.159429011,-0.577175709,0.383633431,-1.135906855,0.606039829,-2.008626444,0.076461342,-0.426756802,0.484297159,-0.376254169,0.535636556,0.10057237,0.849128675,0.723990379,0.72959507,0.724088204,1
pvalue105,hsa.mir.3131,0.072371535,0.981295562,-0.641693263,0.841936609,0.246570075,0.948426892,0.281724425,0.939727756,1.517421002,0.484182733,0.049534862,0.984154106,0.142816086,0.951807218,0.463810202,0.49410614,0.238995549,0.730224651,0.337171119,0.625915053,0.911066507,0.915620108,0.914439045,1
pvalue106,hsa.mir.3150b,0.011590109,0.989743293,0.387812009,0.88849064,0.271897541,0.853576587,-0.290303598,0.869877609,-1.929638592,0.747039963,-0.656973348,0.306752131,-0.766740418,0.545259801,-0.906477755,0.181188048,-0.241704481,0.629603294,-0.6067095,0.263174348,0.477132409,0.497391621,0.47962854,1
pvalue107,hsa.mir.3170,1.033135419,0.528684943,-1.133795904,0.512774474,-1.3481105,0.505657231,-0.981140622,0.600907885,1.432997026,0.57934758,-0.057931428,0.958026244,-0.296486821,0.754094973,0.271932399,0.641836962,-0.669308414,0.319097056,-0.438624523,0.456094692,0.360678391,0.354253451,0.332912859,1
pvalue108,hsa.mir.32,-0.489874323,0.536151484,1.950954712,0.352267556,-1.941004771,0.060908135,1.313319028,0.656065019,-1.573176108,0.057780067,1.26579633,0.095928756,-1.132993797,0.176475876,-0.116802179,0.840966395,-1.234972212,0.130770413,0.191113102,0.707927451,0.191946865,0.325168154,0.266987375,1
pvalue109,hsa.mir.3200,-0.963957151,0.242158468,0.519511231,0.672358285,0.662567562,0.681386576,2.432147055,0.52061225,0.055990508,0.941912725,-1.224349792,0.787951692,-0.699485634,0.330631105,0.419203748,0.517295246,-0.206445348,0.770592911,0.963149727,0.099717302,0.14247396,0.147046928,0.121408786,1
pvalue110,hsa.mir.320a,0.611343007,0.653957134,-2.205636167,0.142195997,-2.096598581,0.162188288,5.975984149,0.261601572,2.543566357,0.697461186,2.620237195,0.694100664,-1.020008074,0.759899163,-0.592510557,0.362738465,-0.735553954,0.239465049,-0.03896762,0.940504383,0.48220252,0.50559739,0.490969124,1
pvalue111,hsa.mir.320b.1,-0.251195287,0.844605789,-0.612186283,0.721560678,-0.506798788,0.768570231,0.96790557,0.745839837,0.077339191,0.974894102,0.437381687,0.903042744,-1.254454272,0.101421483,-0.340593742,0.599741368,-0.07977779,0.890326054,-0.106028212,0.84117401,0.95999199,0.96232793,0.961995538,1
pvalue112,hsa.mir.320b.2,-0.162050907,0.863071035,-0.635861658,0.665475609,-1.803135227,0.112576212,1.605525416,0.737425637,0.942994077,0.434841186,1.816604889,0.481862772,-0.930990041,0.198125178,0.093794433,0.878051745,-0.820079055,0.263478625,0.197392939,0.715500353,0.381421696,0.478302887,0.445626256,1
pvalue113,hsa.mir.323b,0.104718993,0.969065689,0.704049557,0.848926596,-0.692455942,0.808212315,0.022045206,0.994187212,-0.153535423,0.953518773,1.307896401,0.586741549,-0.140159902,0.902778039,0.230203374,0.692915778,0.187553745,0.736629901,-0.111071046,0.847705735,0.926225826,0.927192349,0.926550885,1
pvalue114,hsa.mir.324,1.088708551,0.616513402,-2.659024022,0.24519436,-2.160943387,0.354941134,0.306622253,0.952824908,1.852032002,0.015657934,0.923829445,0.479863909,-0.322154281,0.667863399,-0.723527815,0.269146421,-0.740918249,0.226949725,-0.055870436,0.914908158,0.407641131,0.428714409,0.410794562,1
pvalue115,hsa.mir.326,-1.068657399,0.2193239,4.015729185,0.261144541,0.729379567,0.540531215,1.643144623,0.438693813,-1.705103484,0.757820057,-0.724597759,0.898743455,-0.954689934,0.868472094,0.391431395,0.564968488,0.20945016,0.746093227,0.664118578,0.263238951,0.668296614,0.671760767,0.663353579,1
pvalue116,hsa.mir.328,-0.533296428,0.653653038,0.143568601,0.921056514,-0.485113011,0.750022661,1.20591966,0.715683358,0.840793997,0.447354688,0.518227049,0.71173253,-0.147490861,0.866066529,0.668193233,0.3354058,-0.066677328,0.930595399,0.677040663,0.30096479,0.425163481,0.465747735,0.446555556,1
pvalue117,hsa.mir.330,-0.128544282,0.88142199,-0.945373741,0.488297293,0.475431442,0.776595597,0.431036651,0.847491257,-0.074050635,0.986763497,-0.454698639,0.674952942,-0.835682162,0.354361403,-0.727009337,0.306000533,-0.008121681,0.988042476,-0.241248189,0.657128716,0.68079459,0.717732161,0.707363913,1
pvalue118,hsa.mir.331,-0.660533457,0.282081042,-0.646462395,0.54828765,0.298807599,0.829531378,2.216348636,0.633663268,0.088344664,0.970766679,-1.477656841,0.716481411,-1.259694145,0.574013797,-0.261311007,0.68993928,-0.458253379,0.479232861,0.540048895,0.291184907,0.270350287,0.269523256,0.244903529,1
pvalue119,hsa.mir.338,-0.164696346,0.848435429,0.127420551,0.943204933,-0.194857541,0.877495522,0.298376571,0.851989337,-0.803457731,0.467291509,-0.598215192,0.520658615,-1.235701775,0.213901115,-0.417767868,0.454768013,-0.495613598,0.39793409,-0.523096619,0.33262749,0.77481898,0.755870928,0.750333585,1
pvalue120,hsa.mir.339,0.036792484,0.980064527,-1.325516666,0.40494228,-0.092419064,0.962361923,0.054979345,0.975317699,2.089605762,0.013819516,-0.133631914,0.909142986,-0.969257099,0.284351189,-0.111568634,0.854239536,-0.13875254,0.811377796,-0.383917021,0.483520135,0.909576873,0.911196318,0.910287426,1
pvalue121,hsa.mir.33a,-0.515715856,0.325308958,1.427736414,0.442639275,-0.412417717,0.685196647,6.113441726,0.135980695,-1.679697233,0.268670893,-0.272065862,0.781459558,-2.295443824,0.435986595,-0.073469448,0.90257211,-0.266718293,0.650990607,0.042561248,0.935267242,0.953967815,0.956399695,0.956038577,1
pvalue122,hsa.mir.33b,-0.627547317,0.140805831,-0.57630189,0.520106034,1.939374686,0.615436563,2.050603041,0.337341215,-1.620341233,0.786894953,-1.912406717,0.030868055,-2.094081363,0.016120004,-1.272173301,0.074892198,-0.001387794,0.997959349,-0.128458339,0.812771791,0.158526462,0.267033379,0.21959889,1
pvalue123,hsa.mir.345,-0.333064261,0.623393653,1.336527622,0.5956302,-1.065411199,0.208387832,0.677989334,0.738938923,-0.98823555,0.179730262,0.670892011,0.35163326,-1.57410174,0.598276995,0.166865524,0.775461839,-0.488356506,0.422427451,-0.290021338,0.592463558,0.696414622,0.695332403,0.687943468,1
pvalue124,hsa.mir.34a,0.214562388,0.808106729,-1.923556006,0.07421083,-0.402139232,0.842356968,0.120100296,0.936539884,2.456073235,0.689418595,-0.684092109,0.584031415,-0.20803506,0.938086657,-0.447920885,0.490059343,-0.678998757,0.29397534,0.023103442,0.964163035,0.567290995,0.597443831,0.58499249,1
pvalue125,hsa.mir.34c,-0.311320802,0.750472891,-0.57267414,0.642025438,-1.064957015,0.427258569,1.311493972,0.561062409,2.027899985,0.007455594,-0.046737419,0.991308619,0.568066943,0.372063716,0.847122054,0.233074154,-0.747854238,0.415383225,1.116012416,0.080668701,0.013669032,0.044568431,0.019936585,1
pvalue126,hsa.mir.3605,-1.120501393,0.149622789,1.272876066,0.610301942,1.417034874,0.401119456,2.614716799,0.146732579,-0.921951938,0.331911104,-1.364386626,0.569755283,-1.13324084,0.208517738,0.457197973,0.495827807,0.287633991,0.646947703,0.777462794,0.205013147,0.596920983,0.603559724,0.591876908,1
pvalue127,hsa.mir.3607,-0.712705315,0.243126873,-0.975335854,0.401402579,0.589668914,0.467388138,2.055118721,0.60338068,-1.846908634,0.469273964,-0.095727239,0.902379086,-2.699221115,0.604888851,-1.605472183,0.137667729,0.538193552,0.304296825,-0.023029081,0.966154284,0.068082371,0.179922099,0.108543629,1
pvalue128,hsa.mir.3613,0.022689958,0.980643635,-0.969472705,0.445699062,-0.487396716,0.655243124,1.059726301,0.759599846,0.631778154,0.59441311,-0.104635949,0.90714053,-1.383199027,0.53981212,-0.3130436,0.594909534,-0.402662438,0.470184563,-0.354709768,0.50813076,0.888255377,0.880647333,0.878939784,1
pvalue129,hsa.mir.3614,0.20610013,0.813190689,3.520115845,0.309047349,-0.30746937,0.845591612,-0.830932917,0.432362487,-1.660635166,0.477477095,-0.644171795,0.642687329,0.185474773,0.787478111,-0.393481539,0.503223872,-0.488657049,0.381217919,-0.449446545,0.401690822,0.810734373,0.795039428,0.790858951,1
pvalue130,hsa.mir.3615,-0.808859607,0.281938217,1.56797108,0.457696282,-0.482361928,0.63401313,1.027391187,0.558872637,-0.587417209,0.865565662,1.042340863,0.760001371,-1.455182591,0.672764079,0.612485754,0.309417234,-0.010577041,0.987442093,-0.058533273,0.925975512,0.532203282,0.501176009,0.48612264,1
pvalue131,hsa.mir.362,-0.031534124,0.977477437,-0.806374275,0.600271018,0.160729893,0.923683077,0.485615951,0.879817259,-0.616812747,0.635517604,0.34555016,0.735177854,-1.430718264,0.67297167,-0.879715705,0.173891604,0.383162016,0.469283018,-0.492244876,0.395705908,0.13307009,0.14244666,0.116010086,1
pvalue132,hsa.mir.363,-0.244856417,0.862886248,0.256729467,0.886165742,0.454768013,0.841562425,0.384077859,0.84496537,-0.104439498,0.977636547,-0.456371835,0.90353348,0.381360149,0.920181259,0.09456791,0.883916408,-0.068856764,0.918472688,0.497453482,0.401454803,0.704073614,0.69444544,0.687726144,1
pvalue133,hsa.mir.3651,-0.961381274,0.180306129,1.835288784,0.338483279,1.844962081,0.340880533,0.957562102,0.352620289,-1.503191771,0.220938777,-1.010071506,0.401733471,-1.414006918,0.531156596,0.239499037,0.715391764,0.659787546,0.292026358,0.028232983,0.964135641,0.638168384,0.62177712,0.611067069,1
pvalue134,hsa.mir.3652,0.191543957,0.941968556,-1.15090577,0.669951637,-1.151525925,0.698396631,1.178601236,0.813240974,0.529602155,0.562541545,-0.759903227,0.83098033,-0.42367604,0.5579394,-0.494465233,0.435147766,-1.233012114,0.093474699,0.254828095,0.633373378,0.064206211,0.105275613,0.073712661,1
pvalue135,hsa.mir.3653,-0.624839918,0.362476152,0.134183213,0.915090301,-0.631164856,0.532886035,1.649657895,0.623106307,-1.05870982,0.692892073,0.654733542,0.468394438,-1.239119475,0.200561398,-0.444723068,0.509106697,-0.164594968,0.795522322,0.375283503,0.487014563,0.49381343,0.502836228,0.486889417,1
pvalue136,hsa.mir.365a,-0.005277402,0.997389824,-0.040772394,0.98587642,-0.629778655,0.777055814,0.549479705,0.842642932,0.091115568,0.934110319,-0.687140251,0.876970599,0.248698923,0.740917739,0.055073982,0.930900699,-0.873175339,0.233041781,0.497906998,0.3539086,0.133807364,0.195590838,0.156453195,1
pvalue137,hsa.mir.3677,0.104937227,0.941533343,0.519037825,0.824739021,-0.247041977,0.880377705,-0.233759827,0.907712191,-1.826249263,0.143122935,-1.286257015,0.255168904,-0.752515559,0.313229134,-1.071510134,0.108793399,-0.831687837,0.109661058,-0.626616849,0.236122739,0.281728005,0.260216866,0.234847374,1
pvalue138,hsa.mir.369,-0.565478683,0.541817645,0.649526501,0.716342911,0.683022267,0.780896506,0.898993081,0.737175619,-0.339878512,0.915622235,-0.340799067,0.914351419,-0.848323994,0.781626067,0.233078334,0.701139341,0.25924071,0.67025265,0.086752096,0.879384753,0.968393178,0.968623102,0.968460425,1
pvalue139,hsa.mir.375,-0.119021437,0.891539871,-0.142673486,0.934267811,0.093763721,0.942761376,0.527623912,0.751912919,-0.0937824,0.928891503,-0.773987713,0.463189064,-0.88148603,0.310633731,-0.16781546,0.77618014,-0.380510483,0.499365872,-0.286897658,0.592599432,0.915661538,0.913689733,0.912773484,1
pvalue140,hsa.mir.376a.1,-0.319649615,0.679458171,-0.830351171,0.458013012,0.467695099,0.871494118,0.828086609,0.610306611,0.803912781,0.377617408,-0.885223196,0.701357995,-1.485820217,0.148891766,-0.158754358,0.789080648,-0.186844683,0.752865783,-0.270421096,0.602088348,0.964976052,0.964118155,0.963892191,1
pvalue141,hsa.mir.376b,-0.935662278,0.097786979,0.28069206,0.870058637,0.619056695,0.56084283,1.672182585,0.392581532,-1.676548485,0.710389368,-1.05529964,0.778144532,-2.317276494,0.5715077,-0.622532107,0.394870596,-0.013536838,0.981083611,-0.106484762,0.849199611,0.789728568,0.820954354,0.814922594,1
pvalue142,hsa.mir.376c,-0.137385003,0.899232488,-0.014762564,0.993325285,-0.130974088,0.942440048,0.521244859,0.804345559,-0.261803028,0.777249252,-0.30625692,0.798205754,-1.077438358,0.199169909,-0.179801783,0.756278095,-0.261862462,0.65141877,-0.354109365,0.526017565,0.936581344,0.934585032,0.933959885,1
pvalue143,hsa.mir.377,0.069545327,0.955833992,-0.414262519,0.819814155,-0.36005669,0.854396201,0.366822219,0.873792053,-0.112021506,0.892602341,-0.461682142,0.670945092,-0.720307737,0.492509366,-0.337153814,0.579242198,-0.505644225,0.406494335,-0.237101793,0.653935538,0.867282055,0.865784369,0.863678519,1
pvalue144,hsa.mir.378a,-0.487844474,0.724535174,1.467141475,0.692361133,-0.815766217,0.600412533,1.521727992,0.676782519,-0.496710514,0.871236513,0.39660097,0.89642212,-1.371754056,0.654736723,0.47412263,0.405993115,-0.58119481,0.390403231,-0.034285204,0.952272437,0.370568187,0.384761729,0.360620199,1
pvalue145,hsa.mir.378c,-0.043142625,0.966024663,0.925870614,0.697975296,-1.092967067,0.414537663,0.643271142,0.815532498,0.5011007,0.494266158,0.421088855,0.69189039,-0.255355007,0.903432959,0.882583051,0.144458667,-0.556589453,0.434856517,0.2405864,0.696838404,0.098156833,0.108975277,0.082647325,1
pvalue146,hsa.mir.3913.1,2.359142699,0.364425202,-2.758117792,0.319575049,-2.507256336,0.36890896,-2.005032804,0.482863711,1.677663755,0.005426013,0.085064663,0.912242912,-0.411104454,0.894264047,0.071020982,0.915251669,-0.543222816,0.447748519,-0.508453394,0.478204713,0.555179389,0.5521634,0.540344002,1
pvalue147,hsa.mir.3928,-0.75984898,0.526913883,-0.623195283,0.638252219,1.918058732,0.578423284,0.942097576,0.662517386,1.609414201,0.018636758,0.016370338,0.984234051,0.157134515,0.820893572,0.331194474,0.693032502,1.033807603,0.187954152,0.77181294,0.323771402,0.404994176,0.441945962,0.419439393,1
pvalue148,hsa.mir.3934,0.036742637,0.972579395,-0.780492325,0.597895499,0.244794305,0.879377365,-0.483979721,0.726549869,0.509769118,0.581114096,-0.786901871,0.730005662,-0.375152187,0.720400698,-0.124341929,0.839397765,-0.289118847,0.595338688,-0.543023828,0.34955765,0.807381228,0.810992683,0.807479179,1
pvalue149,hsa.mir.3940,-0.821135225,0.277378538,1.302773675,0.457562167,0.875959305,0.549781273,0.601350964,0.668103558,-0.699862464,0.487519029,-1.181493597,0.563665473,-0.290118572,0.793905246,0.447007158,0.459964823,-0.044947342,0.944786626,0.322767107,0.618818134,0.768118549,0.771758085,0.767522094,1
pvalue150,hsa.mir.412,-0.626649797,0.507500072,1.161940384,0.612318546,0.913615872,0.585079861,0.43532494,0.839833593,-1.517806652,0.12386994,-0.833210535,0.348984752,-1.823611257,0.205617069,-0.136519817,0.822401055,0.188564363,0.736866811,-0.61655032,0.330667197,0.519942119,0.551972634,0.536329553,1
pvalue151,hsa.mir.421,-0.669424158,0.605547506,-0.24483158,0.890892214,1.782647438,0.585902627,0.569241496,0.771397967,1.096542279,0.704731197,-0.140656764,0.866284642,0.102614003,0.914131854,0.469977709,0.52062901,0.870861234,0.187130149,0.496843353,0.472963736,0.559908766,0.583702881,0.568536217,1
pvalue152,hsa.mir.424,-0.091876321,0.911534009,1.144295088,0.78694023,-0.288586148,0.800556972,-0.466840195,0.70331233,-0.702756345,0.413078729,-0.150399621,0.955267015,0.046734002,0.960360004,0.044157077,0.93685372,-0.282100586,0.631297002,-0.279300039,0.629263583,0.90211464,0.901985947,0.900992383,1
pvalue153,hsa.mir.425,-0.136174895,0.828110068,0.64358525,0.755858405,-0.460851435,0.760170169,1.114494915,0.541689672,-1.108216219,0.374564041,-0.971560251,0.343923951,-1.1781212,0.132389778,-0.370668871,0.563131665,-0.821164234,0.1633008,-0.100662602,0.84216925,0.470950533,0.510849854,0.492383567,1
pvalue154,hsa.mir.4326,-0.149571549,0.87036764,-0.565940414,0.707448631,-1.246361476,0.217481998,0.993593214,0.743020202,0.218157674,0.940498697,1.67063009,0.499153847,-0.502612279,0.499736484,-0.260689374,0.706580812,-0.208680447,0.72222336,0.257680276,0.601564311,0.789360246,0.789641085,0.785809877,1
pvalue155,hsa.mir.433,-0.438802677,0.673631537,-0.454929769,0.709227317,0.826802666,0.628433304,1.065273444,0.637555233,1.245395525,0.100749566,0.200497229,0.831050594,-0.99604538,0.296205887,0.192532299,0.787117159,0.679704139,0.315907056,0.155427524,0.819991227,0.672622393,0.65255578,0.643158531,1
pvalue156,hsa.mir.4449,-0.862852685,0.704748344,0.187688235,0.940463851,1.274053435,0.655408277,1.17460191,0.650597179,-0.106935784,0.896262226,-0.567420274,0.51485107,-0.733668365,0.397286805,0.159047489,0.835909774,0.526265431,0.431323729,0.424524263,0.524854626,0.830650978,0.842037889,0.839019127,1
pvalue157,hsa.mir.4461,-0.217085541,0.919199928,0.311099332,0.897073591,-0.072920205,0.975356923,0.38390846,0.894962031,0.729479736,0.869106753,0.690606333,0.870407939,0.06688829,0.988036727,0.721122067,0.368155952,0.350528158,0.668156684,0.32460573,0.678461644,0.776492126,0.777820613,0.772742667,1
pvalue158,hsa.mir.4473,-0.647971471,0.782800275,1.481768097,0.597211437,0.700033928,0.801344569,0.520689968,0.828258776,-1.984132396,0.798905739,-0.904068276,0.90918475,-1.072352681,0.892499299,-0.334888537,0.605314244,0.038362501,0.951474167,-0.188880579,0.758492535,0.90888767,0.909359598,0.908379312,1
pvalue159,hsa.mir.450a.1,0.57440414,0.829257026,-0.369529327,0.900149422,-1.523399752,0.581907183,-0.618239807,0.848562508,0.611778241,0.846805944,2.107405608,0.499100326,0.014013089,0.997008884,0.182734179,0.749948891,0.140694708,0.817390698,-0.251609355,0.679039328,0.858706438,0.866012652,0.863949896,1
pvalue160,hsa.mir.450a.2,0.181050706,0.93764429,-0.079112644,0.977058982,0.443299531,0.894932727,-1.110833334,0.65186697,-0.790191602,0.256520813,-0.9018838,0.364744144,-0.192019145,0.807696939,-0.512520307,0.357893008,-0.294254152,0.598451312,-0.896941469,0.139792658,0.496176017,0.504434746,0.487062729,1
pvalue161,hsa.mir.450b,0.463586911,0.75752938,2.56625132,0.569509788,-1.507089446,0.435447798,-0.455306828,0.815973697,-0.339431089,0.74128292,-0.939034497,0.839457194,0.267075637,0.769583295,0.331640282,0.532656632,-1.467510482,0.040896456,-0.040679371,0.941955273,0.024509311,0.073719218,0.040719452,1
pvalue162,hsa.mir.452,-0.520580975,0.721739646,-0.246980998,0.875182674,0.60108162,0.782984228,0.693681031,0.693626767,2.106174129,0.504969669,0.513544172,0.83743486,-0.45574253,0.582319092,0.955950347,0.167286099,0.796005799,0.241347561,0.314236211,0.650730513,0.403559593,0.426731613,0.406484221,1
pvalue163,hsa.mir.454,-0.885715975,0.233483405,1.252346233,0.467309607,-0.053527412,0.951594889,1.338409938,0.482597495,-0.524253392,0.881544028,1.288428871,0.696655019,-1.905793115,0.642028024,0.579961371,0.378664482,0.433053626,0.490709032,0.136058525,0.824744797,0.776424872,0.777504173,0.773440359,1
pvalue164,hsa.mir.455,0.025215124,0.979551968,-0.930361043,0.538174936,-0.515945004,0.714315353,4.821713483,0.185639138,0.188793804,0.851136907,-0.291558589,0.910844157,-1.254283186,0.123744939,-0.556541795,0.364338707,-0.502082097,0.381002308,-0.060316852,0.904239253,0.689799823,0.701811841,0.695100646,1
pvalue165,hsa.mir.4636,2.754516015,0.434569433,-2.566929108,0.581262228,-3.96725252,0.283711425,-2.1211598,0.611829589,0.085082817,0.929386992,0.725596696,0.329721964,-0.264828659,0.790725193,-0.631203909,0.316088546,-1.301144717,0.029605904,-0.568923911,0.269089646,0.175023374,0.190322941,0.160539242,1
pvalue166,hsa.mir.4661,0.786734858,0.82197462,-1.30170044,0.716608872,-2.017918042,0.557423539,-0.547434766,0.882982387,0.65635832,0.236839925,-0.980503871,0.844095438,-1.719706734,0.69613829,-0.452874736,0.366762037,-1.828980619,0.020941502,-0.96927204,0.067157677,0.047791546,0.076051029,0.047272093,1
pvalue167,hsa.mir.4662a,-0.331568807,0.760267372,0.463770962,0.788610178,-0.173115357,0.895551268,0.463956317,0.772503987,-0.619540894,0.594730159,0.657340424,0.482947309,-0.836776,0.697991006,-0.08448597,0.889390636,0.267702007,0.65033263,-0.152694717,0.795409226,0.881760908,0.875494129,0.87373377,1
pvalue168,hsa.mir.4668,0.017729822,0.981272326,-2.094521355,0.047896738,-0.139810727,0.920908274,0.704222283,0.720638599,1.554710519,0.775165927,-0.18893639,0.848988902,-0.175149044,0.792824422,-0.871981522,0.299546282,-0.191271425,0.745134797,0.282974104,0.601275323,0.386565907,0.450627669,0.42085752,1
pvalue169,hsa.mir.4677,0.884794574,0.578925575,-1.968668163,0.223586419,-1.789170983,0.387384397,0.596538244,0.893968107,1.449905536,0.709034725,0.617374682,0.876490753,-0.418508008,0.9148017,-0.534977748,0.40651042,-0.667972741,0.295423203,-0.012387119,0.982165473,0.53336002,0.547605972,0.534816965,1
pvalue170,hsa.mir.4746,0.339960063,0.88878274,-0.948127847,0.708575534,-0.092591319,0.969859152,0.148401894,0.958179379,1.653236656,0.463250635,1.109018695,0.663673837,0.275624373,0.676852836,0.596405294,0.459317484,0.867867141,0.265784327,0.345724765,0.672586206,0.59803285,0.617836465,0.605229513,1
pvalue171,hsa.mir.4772,3.562986055,0.37536495,-4.272185353,0.291870085,-2.761370182,0.579489616,-4.790959146,0.272937184,0.262278106,0.803011362,-0.099754873,0.900674892,0.700269703,0.666936149,-1.128091699,0.073862531,-0.461334246,0.351237999,-1.241872874,0.044049314,0.127326427,0.137050553,0.110939232,1
pvalue172,hsa.mir.483,-1.586070079,0.039754454,2.053878467,0.291958977,1.574650461,0.166317758,1.686411907,0.275865064,-1.615030815,0.14266864,-0.471258277,0.409454706,-0.059786273,0.949895431,0.585393111,0.466541559,0.92148489,0.239837761,1.400650333,0.083223253,0.243550062,0.270672582,0.237747425,1
pvalue173,hsa.mir.484,-0.725131175,0.305333541,0.533729825,0.73266127,1.108714434,0.396793509,0.881126972,0.577501934,0.27614782,0.806796323,-0.580422644,0.526164074,-1.041513793,0.649142344,0.648218493,0.305918564,0.407110351,0.50681627,0.021177137,0.97385238,0.634124857,0.633445737,0.624186901,1
pvalue174,hsa.mir.485,-0.676796059,0.300064913,1.289551553,0.525004817,-0.605800098,0.457282465,0.91452503,0.552117688,-1.48833416,0.480849045,0.401297646,0.644753554,-1.625540995,0.119154873,-0.017684399,0.975684734,-0.316625891,0.60209532,-0.166581874,0.759182348,0.947388576,0.94866398,0.94825233,1
pvalue175,hsa.mir.487a,-0.575337547,0.561870238,1.231868576,0.578227988,0.088032791,0.936357252,1.403309645,0.625390275,-1.171372579,0.638286829,-4.91E-06,0.999998464,-1.812014414,0.607438093,-0.029963749,0.961946881,-0.059884528,0.92267483,-0.345687056,0.593322328,0.926098292,0.93079694,0.930035408,1
pvalue176,hsa.mir.491,-0.108985789,0.935520678,-0.276676545,0.864380582,-1.065942715,0.486050629,0.549318677,0.800999713,0.812499046,0.865811368,1.523561787,0.021694311,-0.552468543,0.4214534,0.346701536,0.580836551,-0.046524084,0.947623422,0.081223428,0.891663041,0.913901402,0.90991569,0.90885035,1
pvalue177,hsa.mir.494,0.608600374,0.804111217,-2.64250368,0.289881132,-0.991516936,0.703682886,-0.085114326,0.976478778,0.558020608,0.931014049,-0.358746777,0.922314692,-0.72128775,0.844902825,-1.499208054,0.062369808,-0.797969562,0.138385792,-0.460986286,0.362935228,0.191173949,0.22418271,0.187640674,1
pvalue178,hsa.mir.495,-0.283769727,0.726365283,0.355189822,0.878870168,-0.898397786,0.416303792,0.747595583,0.781038423,-0.612088662,0.802619323,0.190798724,0.936064061,-0.846363552,0.719016622,-0.151853928,0.796321062,-0.539456662,0.422571398,-0.05133897,0.92699912,0.833778821,0.85031505,0.846896422,1
pvalue179,hsa.mir.496,-1.049248142,0.199161484,1.823836134,0.493658134,1.064093569,0.499488004,1.152515011,0.315272351,-1.304343135,0.81202235,-0.938885621,0.858428697,-0.64318999,0.902217468,0.285519867,0.658987074,0.242441043,0.693300598,0.445439461,0.477896281,0.913023255,0.916049271,0.914947298,1
pvalue180,hsa.mir.497,-0.516018897,0.634720452,0.099235427,0.948579321,0.548974673,0.727449827,1.026974777,0.670788875,-0.039133066,0.994357113,-0.406970254,0.940459022,-0.472836126,0.931124368,0.038674653,0.954119515,0.098154955,0.879878628,0.353522247,0.551344122,0.906591528,0.904474292,0.903463138,1
pvalue181,hsa.mir.499a,-0.483769513,0.775407488,0.431264256,0.839706959,-1.248154308,0.480671752,1.970040759,0.673962455,-0.132658832,0.97177095,0.645028275,0.864570428,-1.032261376,0.783710006,0.254370088,0.708480498,-0.757382396,0.322450475,0.342081948,0.604397783,0.215390087,0.29431717,0.257976659,1
pvalue182,hsa.mir.5000,-0.658266467,0.290959817,3.229921335,0.371501404,0.463883231,0.580005144,0.712554066,0.520984317,-1.066823313,0.797593189,0.113814086,0.908947579,-3.109894348,0.762981096,0.368034887,0.619250353,0.336961453,0.528862576,-0.646856413,0.31341109,0.261235862,0.312208098,0.285119287,1
pvalue183,hsa.mir.503,-0.244117529,0.808591298,0.734111693,0.685302822,0.040666157,0.984151801,-0.120692219,0.931320408,-0.520587785,0.571775224,-0.580337086,0.646488841,0.521526982,0.592689497,0.063029797,0.914662551,-0.253352633,0.693071838,0.246890997,0.66532579,0.855611577,0.860138303,0.857959449,1
pvalue184,hsa.mir.505,-0.208260737,0.816144645,-1.096234335,0.321900733,-1.28331034,0.235060703,1.741312894,0.741333817,2.764404707,0.588396885,3.10502831,0.569518327,-0.944686929,0.676805511,0.179319323,0.778208095,-0.299857829,0.636292836,0.405624556,0.460365078,0.608523864,0.622632053,0.611565541,1
pvalue185,hsa.mir.508,0.326731098,0.821446898,0.176520225,0.956255774,-1.37544463,0.392376191,0.067536016,0.984351695,0.51445525,0.472139989,1.650883995,0.014712359,-1.511782808,0.818906446,0.401865251,0.472325289,-0.288804642,0.636147911,-0.549061614,0.389848437,0.356839953,0.352566875,0.331544881,1
pvalue186,hsa.mir.509.1,7.275022189,0.106455755,-7.595205003,0.102385348,-9.909206275,0.03322192,-6.507813085,0.190053021,0.426385492,0.549781104,2.398280313,0.000417853,-0.842523812,0.734718483,-0.929815757,0.088655924,-2.31649596,0.003926744,-0.92280313,0.079593174,0.010631785,0.02721359,0.009410063,1
pvalue187,hsa.mir.509.2,0.2080113,0.859105544,0.607849085,0.814908037,-1.595707764,0.24387732,0.406699128,0.890314965,-0.502157058,0.465587998,0.273124298,0.723466556,-1.470809425,0.177521591,-0.066926768,0.900732721,-1.133669897,0.072519584,-0.550750016,0.307849103,0.218685199,0.260686516,0.231719619,1
pvalue188,hsa.mir.509.3,0.462598064,0.869901582,-0.535994247,0.869167169,-1.435757819,0.619487476,0.141109617,0.970748168,0.213359935,0.824523339,1.033165476,0.107692876,-1.046182917,0.715002261,-0.092176884,0.880729525,-0.429900769,0.509857997,-0.355157805,0.574539489,0.875406216,0.873994057,0.872428844,1
pvalue189,hsa.mir.511,0.222110116,0.7993335,-1.055321545,0.393807098,-0.342398146,0.823645705,0.020225199,0.992262005,1.033234879,0.215622764,-0.36593638,0.58071697,-0.484754179,0.673878306,-0.090665308,0.875091755,-0.468767353,0.414515511,-0.252191514,0.626712539,0.857670731,0.862327328,0.860194752,1
pvalue190,hsa.mir.532,0.474238603,0.787080259,-0.392311201,0.861253205,-1.477398981,0.432186685,-0.115778878,0.965603219,0.030147664,0.990388209,2.19148815,0.317903306,-0.276620031,0.907259246,-0.083533022,0.890857448,-0.002405067,0.996745545,-0.060026916,0.919200104,0.998506912,0.998508717,0.998507734,1
pvalue191,hsa.mir.539,-0.483049555,0.647528211,0.536874321,0.784948809,0.215372798,0.868716871,0.579072209,0.685333922,-0.779178032,0.891128616,0.638020364,0.900054693,-0.743666633,0.884193097,-0.11249895,0.867985833,0.523126726,0.394034459,-0.029677701,0.961791554,0.653895018,0.628441586,0.618469737,1
pvalue192,hsa.mir.542,0.128593401,0.923771586,0.603682794,0.80939997,-0.032606691,0.987634711,-0.899088852,0.588709275,-0.83928791,0.360369163,-0.166795054,0.898198238,0.113038887,0.892132125,-0.306097835,0.596657539,-0.079642987,0.883443443,-0.577795012,0.342115775,0.758244688,0.770211252,0.765077404,1
pvalue193,hsa.mir.543,0.043476951,0.956684647,-0.475125415,0.774861493,-0.243988756,0.86346367,0.679612907,0.808158928,-0.077475086,0.949745008,-0.637112936,0.774308968,-1.030031693,0.311866735,-0.259453055,0.656173056,-0.489045136,0.398096917,-0.260594835,0.640229752,0.87126198,0.869510584,0.867446382,1
pvalue194,hsa.mir.549a,-0.925686182,0.283056569,0.963995748,0.48801771,0.880716492,0.685745213,1.318712859,0.50469528,-0.011937485,0.990019567,-0.877044972,0.823632626,-0.741914652,0.556255114,0.624255917,0.320256069,0.041700233,0.950553435,0.456702538,0.451236431,0.654422034,0.662203515,0.653737555,1
pvalue195,hsa.mir.550a.1,0.529707817,0.671988843,-1.583814419,0.349508948,-0.105839664,0.961258574,-0.441992703,0.844486078,-0.085420084,0.943587203,0.142032096,0.888748798,-0.778698604,0.459244987,-1.158248648,0.105825483,0.033084006,0.950153822,-0.70884516,0.217777356,0.167707169,0.199492426,0.171516645,1
pvalue196,hsa.mir.550a.2,-0.611416626,0.508770688,-0.187270723,0.867625301,0.492689922,0.70301977,1.210017153,0.557051172,-0.145370069,0.967934799,-0.775878972,0.756649295,-1.42845367,0.556854249,-0.169821869,0.800526428,-0.089788522,0.883697299,-0.047783643,0.93800628,0.994663938,0.994719844,0.994709636,1
pvalue197,hsa.mir.550a.3,-0.412482605,0.656350069,1.109184789,0.442833134,-2.085439164,0.064251875,1.007094283,0.560929367,-0.477686854,0.645525033,1.445739727,0.153743242,-0.567767575,0.440920895,0.3188242,0.634117239,-1.182414445,0.195682496,0.268732522,0.682208826,0.120481832,0.260282712,0.193465389,1
pvalue198,hsa.mir.552,0.353247981,0.763904116,-0.409594683,0.815508769,-0.572342521,0.76856744,-0.375456608,0.845124129,0.180209215,0.844758244,0.097879058,0.922641749,-0.860986353,0.712212555,-0.084751298,0.883443213,-0.247809924,0.657016527,-0.640241716,0.273797157,0.687308374,0.704609842,0.697259548,1
pvalue199,hsa.mir.556,0.04071803,0.982294141,-1.124309907,0.594324566,-0.453668122,0.825623115,1.35208379,0.796533243,0.766213944,0.769084124,0.392315321,0.876147283,-0.234069575,0.929164968,-0.375064192,0.608374967,-0.067452375,0.922367339,0.452122307,0.493831876,0.465698054,0.462374852,0.444822271,1
pvalue200,hsa.mir.5586,2.645818176,0.408964514,-3.401249205,0.338747604,-3.712853298,0.271055386,-1.985705577,0.572503073,0.75711873,0.788345186,-0.488931474,0.920935071,-0.001302262,0.998687668,-0.826937676,0.223485508,-1.883973517,0.0028632,-0.461347389,0.344755764,0.009587681,0.024677554,0.010573638,1
pvalue201,hsa.mir.570,0.948914578,0.718626093,-1.854135761,0.507871237,-0.847943109,0.771794977,-0.871526,0.807485423,0.699332976,0.473372303,-0.018159116,0.986695374,-0.882803082,0.811188892,-0.714468206,0.241403671,-0.423199987,0.463378355,-0.889234265,0.150690197,0.518298034,0.495833873,0.478260165,1
pvalue202,hsa.mir.574,1.182487834,0.546780769,-3.383399211,0.108331756,-2.173535354,0.302671664,0.204925231,0.966760636,1.367468199,0.594438865,0.662196118,0.798457168,-0.345628423,0.886300246,-1.502788171,0.062423187,-0.911665449,0.127589371,-0.125175588,0.799118932,0.085305856,0.135886503,0.101785857,1
pvalue203,hsa.mir.576,0.156791144,0.891358344,-0.194981619,0.916853279,-2.147245105,0.095161474,0.778081739,0.754202772,0.447015859,0.758348393,1.856327291,0.129077647,-0.197896057,0.877152379,0.193132728,0.75901337,-0.904370257,0.242050407,0.303481468,0.610022633,0.210034089,0.313172617,0.268575698,1
pvalue204,hsa.mir.577,-0.276021699,0.712059834,-1.230377076,0.161700856,0.432214641,0.8530636,1.313785161,0.733524661,2.805904908,0.554588934,-0.485699563,0.847448529,-1.087112195,0.670143807,-0.109076099,0.857198489,0.011743687,0.983177464,0.029095693,0.958337428,0.995693802,0.995832139,0.995824291,1
pvalue205,hsa.mir.582,1.973646306,0.384585334,-2.488704916,0.398836941,-2.036968755,0.398184421,-2.075468734,0.413300386,-0.071275072,0.979937466,0.567070839,0.520249386,-0.408721554,0.655362247,-1.050760502,0.09786547,-0.360030281,0.492929901,-0.951968074,0.097534874,0.248514706,0.249055902,0.224586148,1
pvalue206,hsa.mir.584,0.770426413,0.734321627,-0.883730635,0.778849529,-2.593099164,0.258370333,0.025777738,0.995368827,1.814003912,0.08517204,1.131290264,0.450656032,0.813573107,0.431426439,0.728460663,0.202286439,-1.138833612,0.174923717,0.552449542,0.313977684,0.03024541,0.088741585,0.048549064,1
pvalue207,hsa.mir.589,1.024477781,0.624039124,-2.079451794,0.340215252,-1.79231384,0.48055713,-0.172834845,0.952259472,1.106743609,0.77901725,-0.059378095,0.990894782,-0.234926847,0.951733956,-0.643595154,0.294196697,-1.024550706,0.117753378,-0.180902998,0.729784334,0.326526111,0.362022554,0.337628783,1
pvalue208,hsa.mir.590,-0.677370457,0.314415423,0.745276381,0.718903904,0.414307897,0.750322195,1.298392543,0.656564911,-0.48468921,0.675127813,-0.981820662,0.380455725,-1.149628104,0.329239053,0.270597251,0.657707911,-0.261222187,0.680445266,0.196026484,0.725876739,0.803372782,0.814862244,0.811152818,1
pvalue209,hsa.mir.592,-0.151009984,0.882580512,0.511524022,0.776786659,-0.622849633,0.677833925,0.600177835,0.842138863,-0.399828475,0.67514468,-0.109212224,0.946273905,-1.265961714,0.183704579,0.024394465,0.965088937,-0.540110299,0.375139201,-0.405691405,0.470617341,0.697108059,0.699646716,0.693204206,1
pvalue210,hsa.mir.616,-1.371528451,0.021474729,2.626299691,0.1614658,1.951529916,0.521611954,1.955060929,0.46678911,-1.437893632,0.537283165,-0.739447277,0.755862964,-1.905921116,0.539488813,0.863632488,0.19114388,1.140347463,0.065259064,0.481807624,0.443018843,0.254647179,0.274795097,0.248420963,1
pvalue211,hsa.mir.625,0.064988413,0.951290522,-0.617273717,0.664100973,0.271427645,0.9188563,-0.300629051,0.839042969,-0.224563598,0.807450967,-1.108458855,0.306717915,-0.926973927,0.722720945,-0.649150117,0.271669048,-0.604055083,0.265996071,-0.796409436,0.16124078,0.539267057,0.502671159,0.485184346,1
pvalue212,hsa.mir.627,0.731344283,0.735321224,-1.515696239,0.531690121,-1.823494337,0.487094721,-0.132512471,0.965396025,0.75760675,0.768243218,-0.001639663,0.999630708,-0.346003385,0.88658304,-0.504916898,0.408483812,-1.151823789,0.116967217,-0.227119343,0.680168231,0.351731483,0.417248318,0.38693126,1
pvalue213,hsa.mir.628,0.160007989,0.92309393,-0.535600603,0.767592723,1.063163198,0.804284553,-1.360640384,0.448011522,1.860052816,0.569417302,-0.423348907,0.921075429,2.250183734,0.496533663,0.380691808,0.496213553,0.116826225,0.847335486,0.006466745,0.991878677,0.881354921,0.877460608,0.87592639,1
pvalue214,hsa.mir.629,0.687217605,0.653092423,-1.671114541,0.329234205,-0.743225887,0.719402583,-0.367579122,0.833396603,0.988019711,0.822205068,0.220111703,0.960299386,0.155507327,0.972219987,-0.384515976,0.56881688,-0.194224427,0.742577057,0.029226781,0.958893238,0.895706189,0.900201425,0.898893222,1
pvalue215,hsa.mir.642a,0.692388903,0.786280131,-1.078843229,0.702370446,-0.779441827,0.78744641,-0.535029546,0.860631983,-0.241432366,0.785838905,-0.383085824,0.865121723,-0.744132092,0.363715418,-0.783032325,0.17056861,-0.62491196,0.25139479,-0.79994208,0.13967901,0.431104272,0.38938927,0.368256851,1
pvalue216,hsa.mir.651,-0.512873342,0.543847336,-0.137029925,0.933765075,0.866293386,0.700314701,0.566503961,0.616143241,-0.028740346,0.991713816,-0.194059151,0.859481185,-0.831576839,0.336958361,-0.005312839,0.993749502,0.487063879,0.384300743,-0.022314964,0.969828916,0.720913327,0.704111329,0.697425465,1
pvalue217,hsa.mir.652,0.226851253,0.879464059,-0.746590436,0.727677803,-0.860235733,0.62298236,0.902630881,0.818301373,0.517771881,0.701396008,0.939182311,0.276426388,-0.543759712,0.506226908,-0.098728839,0.876236294,-0.017246024,0.976664295,0.099074363,0.862695369,0.9883223,0.988306488,0.988271383,1
pvalue218,hsa.mir.653,-0.386714139,0.698740995,-0.511400384,0.685477623,0.365079399,0.832466401,1.09667065,0.610352709,0.349253705,0.708527857,-0.474263206,0.894750162,0.151534359,0.889766919,-0.189529859,0.788979563,-0.078738144,0.906804704,0.763514056,0.187417888,0.217950821,0.204866217,0.181191436,1
pvalue219,hsa.mir.654,0.257719201,0.911510331,-0.079996183,0.977781683,-1.129421249,0.642420781,0.10682847,0.972571424,0.638711175,0.862629056,0.999619749,0.793094078,0.039804245,0.991543328,0.367707543,0.531089059,-0.132040404,0.834815605,0.163178275,0.775637458,0.84280945,0.842401732,0.839789224,1
pvalue220,hsa.mir.655,-0.590297404,0.571908372,0.829374073,0.699646147,0.477566255,0.746806249,0.757709245,0.716717271,-1.791051773,0.714178863,-0.643810622,0.896020143,-1.258506178,0.802335621,-0.61206191,0.362583333,-0.009130116,0.988398253,-0.165411212,0.784444217,0.713421028,0.738090475,0.730714487,1
pvalue221,hsa.mir.659,-0.110705997,0.964376682,0.133264605,0.959617289,0.063790184,0.985994497,0.127544413,0.964154291,0.080934283,0.97667064,-0.123085806,0.963983779,0.426756065,0.881332615,0.135393155,0.864555553,0.041901709,0.960530904,0.357898576,0.645316912,0.923256677,0.922363999,0.92162665,1
pvalue222,hsa.mir.664a,-0.124578969,0.906614922,-0.879014515,0.501492512,-1.592427829,0.224798459,1.105207763,0.736845304,2.134939374,0.372208571,2.118064615,0.366758358,-0.126067849,0.853397187,0.503638448,0.454662335,-0.325866306,0.645883731,0.609235475,0.294374155,0.31429314,0.35755653,0.332145295,1
pvalue223,hsa.mir.664b,0.275851037,0.867977943,-2.643048264,0.152194792,-0.57533732,0.810372724,0.233417968,0.930429931,2.782427836,3.41E-05,0.461693269,0.691414544,0.133197864,0.822677788,-0.956721402,0.253401039,0.032656858,0.95887426,0.298152931,0.576469327,0.308692543,0.427571646,0.382695446,1
pvalue224,hsa.mir.671,-0.414365976,0.547037832,-0.985429542,0.424997908,0.122047046,0.921580015,1.073601189,0.723455485,0.925835741,0.717093845,0.223330154,0.857167312,-0.564273182,0.560179372,0.019761458,0.978950237,0.226508377,0.691610951,0.321447866,0.565306713,0.93336042,0.935073813,0.9345098,1
pvalue225,hsa.mir.6715b,0.061264241,0.957490856,0.644516584,0.875561005,-1.892584032,0.163431114,0.653721719,0.770207713,-0.440491142,0.780141482,1.195355161,0.714648003,-1.448339918,0.070933211,0.172687767,0.764937507,-0.924024481,0.132097978,-0.395245839,0.429896071,0.308954365,0.341517673,0.314702824,1
pvalue226,hsa.mir.675,-0.718303474,0.521220996,-1.747484982,0.204084031,1.243847012,0.648812212,1.743301781,0.662857402,3.01822557,0.69615268,0.299457865,0.967754403,0.679590148,0.92654796,-0.377965833,0.679450152,0.973448889,0.144885686,1.368689849,0.036280686,0.019745027,0.043682829,0.022634968,1
pvalue227,hsa.mir.6761,-0.758488101,0.478185051,1.031848125,0.667401875,-0.33353607,0.800575413,1.691627515,0.574751377,1.110935192,0.094497995,0.436616589,0.55070362,-0.022252172,0.975629865,1.370521438,0.0880406,0.032414445,0.969163937,1.051479398,0.173541672,0.050971513,0.069168385,0.047323265,1
pvalue228,hsa.mir.6842,-1.005848947,0.283398908,0.664785931,0.596552242,0.895861897,0.570160642,2.959237393,0.352028219,-0.192798788,0.762339005,-0.418542605,0.643309044,-0.870738802,0.269574522,0.381119159,0.641224068,0.410576767,0.610072116,0.771588747,0.321481707,0.711220854,0.721722932,0.713953628,1
pvalue229,hsa.mir.6892,-0.196087641,0.896837118,-0.053321336,0.97765127,0.16642453,0.934771957,0.503041182,0.804916355,-0.378579909,0.71643734,-0.236316465,0.835535211,-0.484239288,0.563110345,-0.240390659,0.710972927,0.00133813,0.998413961,0.076005473,0.897995307,0.941787544,0.944719217,0.944217649,1
pvalue230,hsa.mir.7.1,0.265703645,0.846771532,0.131795988,0.945203469,-0.061870869,0.973529778,-0.651751719,0.728523524,-1.015752542,0.410343598,-0.686943825,0.761712207,-0.441927638,0.648091208,-0.682197413,0.269151291,-0.414038978,0.425207164,-0.659243308,0.223723331,0.595444762,0.57656675,0.564361625,1
pvalue231,hsa.mir.7.3,-1.43819532,0.102887764,3.300557337,0.170606608,1.897149414,0.296550188,1.064936348,0.532632344,-0.997372061,0.889521263,-1.057253741,0.884468308,-1.097461915,0.88244795,1.197689079,0.088319092,0.798154092,0.225889389,0.250749039,0.731967842,0.22750672,0.246578418,0.219158507,1
pvalue232,hsa.mir.708,-0.186039417,0.921848475,0.271370779,0.906587014,-1.133978928,0.578201962,0.460573689,0.838607693,-0.929357473,0.324620005,1.282244708,0.150959575,-0.757821301,0.343330049,-0.411964006,0.497529094,-0.279912815,0.645200033,-0.116681066,0.826235448,0.90681963,0.908721214,0.907661924,1
pvalue233,hsa.mir.744,-0.57692236,0.631365011,0.003172259,0.998228439,0.072220179,0.959355769,2.062329628,0.540101667,1.36894917,0.094318516,1.562584785,0.166890928,0.051148584,0.950759294,0.850395838,0.301165766,1.026786606,0.202642138,1.137884808,0.143215561,0.416173159,0.523299519,0.487082152,1
pvalue234,hsa.mir.766,-0.458082228,0.607893906,-0.097967797,0.934544072,0.173605401,0.894072343,1.69520126,0.616872107,1.093512247,0.225928643,0.553695406,0.523583065,-0.50758589,0.449126742,0.60552329,0.392384585,0.469982524,0.489744895,0.564296406,0.405396314,0.814186489,0.839668335,0.834791707,1
pvalue235,hsa.mir.769,-0.488545162,0.524564099,-0.519258557,0.676290517,2.254092182,0.469737473,0.452665254,0.68983324,0.793879608,0.31629415,-0.856382151,0.398781144,-1.189199411,0.198293569,0.176405611,0.784120235,0.516538439,0.375681033,-0.200158158,0.734258691,0.611361146,0.605139788,0.593932818,1
pvalue236,hsa.mir.7705,-1.221840385,0.082209208,2.304298055,0.48879502,-0.27496169,0.744615428,1.454178239,0.372559901,-2.0295643,0.364586782,0.194938137,0.775249061,-1.849019804,0.484726989,0.450948086,0.574897939,-0.05358181,0.947778754,0.337518924,0.663742232,0.784776196,0.793600303,0.789610692,1
pvalue237,hsa.mir.7706,-0.535870645,0.590017966,1.602922302,0.440006807,-1.984562276,0.074217257,5.434515101,0.192875509,-0.03392321,0.966141634,1.698575918,0.014712956,-1.328987918,0.178057576,0.862662302,0.140375751,-1.25105029,0.15216118,0.295581983,0.630882091,0.011952135,0.039396666,0.016120214,1
pvalue238,hsa.mir.874,-1.166828728,0.169819742,1.069723693,0.398757169,2.060657017,0.550301954,0.827415552,0.418303493,-0.715936367,0.477419033,-1.107982246,0.365569969,-0.739446938,0.530133294,0.338294426,0.61522026,0.68769804,0.254663009,0.206059668,0.743015419,0.658213238,0.652324144,0.643301011,1
pvalue239,hsa.mir.877,-1.605586076,0.080945125,1.275258637,0.322593165,1.523992109,0.392609536,2.507326436,0.392533827,0.291364427,0.698385296,-0.078068719,0.946651015,-0.804600583,0.32197364,1.146134639,0.281416068,1.122801849,0.292216411,1.060289289,0.318122823,0.63766019,0.75190516,0.721936211,1
pvalue240,hsa.mir.887,-0.247021791,0.812934261,0.278814884,0.891951833,-0.511444219,0.65889956,1.25519521,0.743936282,0.104896436,0.972719075,0.514516997,0.872794244,-0.652552828,0.828675993,0.241668743,0.701335907,-0.06834925,0.915919716,0.214859869,0.726393899,0.929593763,0.931287412,0.930692658,1
pvalue241,hsa.mir.9.3,1.351072303,0.443136491,-2.771715573,0.151840548,-1.463645902,0.491065851,-0.586783749,0.889167577,1.438300033,0.089810696,-0.041956142,0.972886071,-0.08005494,0.935128858,-0.945003025,0.150959994,-0.629494809,0.302351552,-0.156530339,0.766700299,0.382512158,0.41313462,0.392073667,1
pvalue242,hsa.mir.92a.1,-0.128516207,0.947342137,-1.227356965,0.549250148,-0.467423811,0.824537501,0.561997336,0.855617892,2.222488263,0.565447695,0.490996755,0.845190981,-0.681883438,0.477541826,0.162647375,0.799297605,-0.044940045,0.941037935,0.003386527,0.995192429,0.988789172,0.988337229,0.988293695,1
pvalue243,hsa.mir.92b,1.736801431,0.428871712,-3.989242807,0.106860348,-1.19777709,0.694271882,-0.701079386,0.814809087,1.12682379,0.102600571,-0.164200661,0.898528294,-0.484096836,0.485440232,-2.16435156,0.008661386,-0.485771733,0.360255223,-0.578330445,0.271761568,0.01893744,0.073729489,0.034991695,1
pvalue244,hsa.mir.935,1.619206097,0.374075036,-1.538400787,0.530729237,-2.143442373,0.278692761,-1.332805848,0.570137213,0.971174412,0.721358101,1.442483615,0.566447051,-0.464530646,0.603363141,0.225066181,0.701728425,-0.011138913,0.984686828,-0.475026044,0.458545442,0.675902855,0.697529181,0.68868572,1
pvalue245,hsa.mir.937,-0.482956403,0.784149975,-0.517200687,0.787921512,1.908727832,0.447099686,1.334727641,0.748144732,0.395399999,0.921938104,-1.128477544,0.771693606,-0.190698248,0.962244297,-0.249608211,0.734391246,-0.021407029,0.976013154,0.647595202,0.324040025,0.32247047,0.308801458,0.286265225,1
pvalue246,hsa.mir.939,0.253275244,0.904089191,-1.075414375,0.633138734,-0.409200183,0.855282395,0.189979418,0.938745682,0.086647379,0.916440516,-0.4116072,0.686549625,-0.76156054,0.45436231,-0.649824646,0.333305976,-0.476313873,0.41812014,-0.332200739,0.553398858,0.791429728,0.781868011,0.776749762,1
pvalue247,hsa.mir.940,-0.677536527,0.420370888,1.202439084,0.572151533,-0.588260593,0.562330653,1.932787642,0.653051165,-1.166076236,0.402197006,1.631880931,0.109047625,-1.924344309,0.530961151,0.214666749,0.71483351,-0.160006267,0.792123822,0.033683488,0.954196364,0.928787054,0.928580598,0.927860895,1
pvalue248,hsa.mir.942,0.576576741,0.679206499,-0.697593326,0.670877917,-1.098648097,0.522193902,-0.133552229,0.941187496,0.385328862,0.719300152,0.301905597,0.778851496,-0.673492227,0.548506441,-0.158758157,0.789615766,-0.465401318,0.447970747,-0.432348838,0.468676491,0.843864889,0.839600276,0.837156225,1
pvalue249,hsa.mir.95,-0.316830398,0.76879982,-0.168434763,0.896060858,3.071464037,0.373223632,1.057151201,0.740832455,0.255250694,0.798527168,-0.866165212,0.45419095,-1.933767197,0.647167788,-0.211554056,0.728841188,0.293988777,0.607628229,-0.610073358,0.341771524,0.459560353,0.47670383,0.458257781,1
pvalue250,hsa.mir.99b,-0.178824171,0.90665945,-0.11423963,0.948001937,-1.514994027,0.35704368,1.230284871,0.760180324,0.201926191,0.960069556,0.959758574,0.818356221,-0.42494725,0.914238082,0.065576363,0.916938388,-0.742820253,0.332472045,0.417358016,0.47759473,0.282055673,0.351117491,0.316390734,1