"","gene","intercept","interceptpvalue","cure1","curepvalue1","cure2","curepvalue2","cure3","curepvalue3","survival1","survivalpvalue1","survival2","survivalpvalue2","survival3","survivalpvalue3","cox1","coxpvalue1","cox2","coxpvalue2","cox3","coxpvalue3","logtest","waldtest","scoretest","flag"
"pvalue","hsa.let.7a.1",0.813205333577072,0.588538025113072,0.755396010823483,0.812158323809911,1.08056927264271,0.725247556651794,0.285948889616121,0.87190095886597,0.668898777647915,0.129712288946151,0.721564528136467,0.0886843555707879,0.279901360243639,0.445430491446065,0.683964120407789,0.0221571171675373,0.80924948390426,0.00500515907267541,0.278028594408565,0.363504227902413,0.0173646980657065,0.0203495845987615,0.0172437128667777,1
"pvalue1","hsa.let.7b",0.495983739716349,0.743911935399635,-0.102620789711184,0.948607221543553,6.17939056886907,0.378715303212976,1.82479209478205,0.741944077335841,0.916659871776992,0.0241608190634037,0.625746158743449,0.120669305302346,0.770255579113484,0.0365776121384493,0.385432739407853,0.243404027288901,1.18227288526771,9.90228959963694e-05,1.10109115590685,0.000336581263750003,4.84860558398705e-05,0.000110237070712316,4.92907090083548e-05,1
"pvalue2","hsa.let.7c",0.415388536615093,0.20120948775808,0.937138732160129,0.627028576111753,1.26785366986766,0.620230224194761,1.82740985218911,0.722692662045793,-0.13396406747405,0.77423981436707,0.39031409587597,0.356073467292734,-0.375552459177059,0.253840834400864,0.395771521222063,0.191677473266712,0.830947131392141,0.0046048710485731,0.404570260043113,0.171994908486977,0.0417892862688322,0.0416887024195987,0.0367353816226197,1
"pvalue3","hsa.let.7d",0.859841185431264,0.097748584124175,1.23599475566929,0.762654874543742,0.342180386451927,0.671389485314308,0.230458279569242,0.831783854920051,-0.166061800443948,0.62954090172274,-0.242918304861586,0.48556045525901,-0.530856528794175,0.166481305470701,0.305833975958381,0.26855781160984,0.0135772205453123,0.962205230476809,-0.170695182767632,0.564694509400507,0.401980148163354,0.390892761312434,0.385425523830136,1
"pvalue4","hsa.let.7f.2",1.04244229634186,0.662103664171192,2.30384766348204,0.691658763551492,0.450764196654202,0.866534033505573,-0.485907019246974,0.844163858682581,-0.163703443353307,0.680244526132438,-0.112589498751372,0.808876235236549,0.113202168572893,0.794381359259408,0.33422787424599,0.22567629513173,0.0561723709884699,0.839740761932939,-0.203291910167675,0.498560365902794,0.322197122462243,0.316197862537506,0.309690397345816,1
"pvalue5","hsa.let.7g",0.715431556240345,0.52566919239272,0.558054837204347,0.66470603887812,0.977292884372124,0.716471575785633,0.476077304424969,0.840873046806831,0.259243164788889,0.540463813432988,-0.151047389170268,0.603197745611906,0.0152720078684674,0.968409334160103,0.4184411276635,0.146058530807679,0.319588230323421,0.256160880975922,0.212757256480651,0.486364601647872,0.49878403426381,0.512241421751863,0.507976197102723,1
"pvalue6","hsa.let.7i",1.15244774413952,0.149368575299134,0.246796122468728,0.925568072850678,0.520510555310429,0.861421192986907,-0.40142223956614,0.667395360733514,-0.389780409199274,0.260498791938864,-0.128765285750422,0.721763305978087,-0.396710799336554,0.313623837413042,-0.142633704463664,0.608360009359657,0.115563311579235,0.671641525612661,-0.379317359650286,0.204233900415669,0.36277572790071,0.376709585417884,0.370767384654967,1
"pvalue7","hsa.mir.100",1.54572716358265,0.305427479005724,9.74681548793411,0.113155629811492,-0.630581290876787,0.751736202872744,-0.988362217584033,0.54164368825538,-0.628239250098876,0.0281631723159914,-0.533105560781495,0.191341131771262,-0.738713750063588,0.0703479848225172,-0.0945622879125123,0.715754646993536,-0.573872433749446,0.0456873876177636,-0.858255119841964,0.00378116233593919,0.00830231807354411,0.0107448330767307,0.00861085227656228,1
"pvalue8","hsa.mir.101.1",1.02846060732391,0.0254022151759767,-0.161564931606136,0.834332620551575,0.468340191916148,0.860818374593724,0.715363638424333,0.831971496066011,-0.247807344949932,0.604317033307832,0.0191530381671064,0.957757289207493,-0.693888831200189,0.123290300072582,-0.242397319413059,0.405880214067521,0.183546196991584,0.506129947601395,-0.209999686087679,0.446383284808256,0.415899126064982,0.406636919347758,0.40166301761271,1
"pvalue9","hsa.mir.103a.1",2.04652581227969,0.722271495272565,-0.888307027393464,0.880495873976387,-1.21987018644795,0.83459001369411,-0.448522718949278,0.943003842153945,0.57955336580976,0.125807958635482,0.531394726550947,0.186614933082196,0.227972257859361,0.501807787028513,0.0852074886945341,0.759444596486682,-0.090322679733703,0.750788344494586,0.0183211729199942,0.947444794172676,0.945057358759955,0.945508010284862,0.945387498558344,1
"pvalue10","hsa.mir.106a",0.523502812914876,0.297171819393013,0.404798199866168,0.622311933751906,1.56382238997556,0.724240526098688,1.33110058049455,0.707469628679671,0.705066757440185,0.119702061784545,0.523643992757503,0.24044746501381,0.404736325639554,0.335330304321449,0.569849051272394,0.0777688588705755,0.857061879354276,0.0058409460463012,0.724494218203625,0.0196144052646407,0.0269875988428529,0.0432060305965572,0.0367424876998646,1
"pvalue11","hsa.mir.106b",1.2088132376813,0.488326791324234,-0.0877216728039985,0.974803834083646,0.275879359916026,0.912708735093639,0.128641049448385,0.956354679662549,-0.499798720356161,0.276300821038133,-0.286011130083535,0.334866021131565,-0.444295891475191,0.151347113544478,-0.274504380633158,0.342462219197396,-0.049867384173214,0.852380420616827,-0.221588036092236,0.431439785224081,0.732580698622992,0.734671702742289,0.733298568686247,1
"pvalue12","hsa.mir.107",0.677365891871994,0.0847178002334987,0.80971485485492,0.793669734436616,0.976539881723572,0.780139604814293,0.953618007858755,0.780518481012454,0.242465143371044,0.53108840480662,0.274590795305253,0.464527742320943,0.195684842629014,0.578149953459968,0.476367594958528,0.104052750610187,0.540368294419491,0.0566395677816952,0.480493551805315,0.105230451831584,0.192950133278786,0.226106481902199,0.217713388553879,1
"pvalue13","hsa.mir.10a",0.256087969991694,0.555923215041112,1.04748475370326,0.175625392004364,1.74508761489213,0.665059951618891,1.81847748102777,0.724108258840938,0.506262424514625,0.150653864356947,0.478913846095094,0.284744891036733,0.333131183324592,0.369526729466317,0.787578086542562,0.0127250705635064,1.01907691446686,0.000987630279980171,0.902747764136034,0.00474012105033116,0.00309321351109587,0.00836130845203283,0.00576285919289359,1
"pvalue14","hsa.mir.10b",1.99271839834382,0.695335697055465,-0.633907010971965,0.914234332835508,-0.912340199864408,0.856142884906973,-0.941381202465276,0.854849103682794,0.233870515868569,0.594191262470661,0.121115405446597,0.78062943301767,0.165039906416291,0.683884775148658,-0.0723917626466141,0.800309179646229,-0.269471557909315,0.341502797451618,-0.252361663051566,0.368348285269452,0.72449441393569,0.721806901853834,0.72034692095811,1
"pvalue15","hsa.mir.1248",1.72169672667031,0.65298633442389,0.0512765589288574,0.9920972039545,-0.253871228669617,0.952974765657526,-1.0626144945153,0.786179095799606,0.082436120225048,0.817505293982711,-0.17240493829587,0.65736376613905,-0.0685734604309525,0.817123246013122,0.0803155878730911,0.774629835851288,-0.176969670277153,0.51985104513518,-0.501066175078314,0.0843890882159571,0.186029819405195,0.204117503200376,0.196574088956324,1
"pvalue16","hsa.mir.1249",0.532227154975049,0.163673442722261,1.7428189516189,0.75271454070454,0.855663454709332,0.658421247961473,1.04856795854189,0.554279199278763,-0.257260932358837,0.524168477312929,-0.197768230128774,0.677256586622921,0.185870959898952,0.633218942359072,0.400251723317373,0.183380491809184,0.26174807175137,0.393378714855935,0.541524909656663,0.0718328925514051,0.308509013624368,0.323378686353613,0.316916528035765,1
"pvalue17","hsa.mir.125b.2",1.11860040854802,0.326553713043108,1.94835969973746,0.746061439723912,0.319568193497747,0.875455670310456,-0.350575913256008,0.856751187961879,-0.413996426839909,0.217088641299809,-0.413408645192189,0.234157790445642,-0.716241174449172,0.0372302596320053,0.210691968620477,0.436824215791524,-0.100047871866879,0.7217305538962,-0.560483253780891,0.05520948214706,0.0522301234593689,0.064097784935881,0.0578176025607091,1
"pvalue18","hsa.mir.126",1.03312807229061,0.103470198417158,0.206443487697477,0.876446990054692,0.61103103904467,0.837805202197418,0.305369609904655,0.919676667585474,0.601029549690056,0.130846755162799,-0.0348752370319252,0.921967185696229,-0.0571430151400241,0.892880252760475,0.424525687124536,0.127398490128664,0.132199705586849,0.638130000507261,0.0517083518521381,0.862769040561055,0.438482920547852,0.418370064493621,0.413117622464549,1
"pvalue19","hsa.mir.1270",1.63277480821394,0.734184967403591,0.26748895296688,0.967715246835342,-0.611312342618256,0.900745944297894,-0.679858379209072,0.889685482047129,0.188078545442698,0.638983212222213,0.442973527640491,0.306860010952008,0.58830694219701,0.138315813610621,0.242509387183872,0.395742951423917,0.0942932703297842,0.750482416309446,0.11821004451319,0.684392234771991,0.862288108347488,0.861317061421031,0.860770644447962,1
"pvalue20","hsa.mir.1271",1.06000011974709,0.594383249049431,5.03785815980753,0.395351408107322,0.0856075446778582,0.968078477279273,0.147640080066986,0.957412111006904,-0.705124239819462,0.101624367333372,-0.166553898072246,0.619999363561608,-0.197229066297034,0.562023298880682,0.00403001344824657,0.989387414550614,-0.089074079474031,0.745539468726336,-0.0828444503914758,0.770371335697248,0.979318550568942,0.979210089035117,0.979191015024794,1
"pvalue21","hsa.mir.128.1",1.22245081509369,0.628159219246278,0.226472919069657,0.943305935037405,0.51027914786704,0.89993991520947,-0.492181365403086,0.879388019760166,0.783835146296326,0.0845937286624954,0.134425973464088,0.761229924291267,-0.0951277060606885,0.8260385273164,0.604096039987528,0.0336969198813952,0.232645583061065,0.398012958295782,-0.296272378830378,0.307335393541548,0.0217073893250356,0.0203708740224201,0.0171721428256302,1
"pvalue22","hsa.mir.1287",1.8848606182844,0.718732881400507,-0.428437915011485,0.942453791548194,-0.321033917873196,0.958630484059905,-1.16279228148365,0.826887027692518,0.248933279082838,0.558384280152969,0.184571720907827,0.676252821632452,0.0818645170193481,0.83640676713015,0.0262061268560846,0.926656295103714,0.0200620157105051,0.94555523167034,-0.394020713046008,0.193488873425246,0.366040778380645,0.397449599355791,0.39117909383877,1
"pvalue23","hsa.mir.1291",0.64792421412868,0.146328169540982,1.14827685185801,0.669123412731431,0.619140189365355,0.406790060125404,0.737546576408389,0.769452358272834,0.256642792250779,0.548154000624649,-0.148025358928173,0.722202930546381,-0.580480381212485,0.107721582923563,0.65758646846045,0.0311830654969206,0.202787112487355,0.50560469399065,-0.0446289979899349,0.883635376563209,0.0608224447935625,0.049022192015371,0.0439833301803556,1
"pvalue24","hsa.mir.1296",1.87048026645265,0.693070539540052,-0.884486646684652,0.852943856411452,-0.876252986849785,0.852077100590186,-0.379999515758333,0.944499353076373,0.476476864075555,0.144626613764662,-0.153219808871551,0.677223677568686,0.110398515712916,0.735253574414794,0.00389934152128139,0.988891860069872,-0.328133934071573,0.268748613381308,0.0262117911822856,0.927817643163886,0.546239727376485,0.570025536780306,0.566173193785915,1
"pvalue25","hsa.mir.1301",1.55553017748037,0.572771056732631,-0.813418274365555,0.77693677064631,-0.168648253982535,0.966630294893514,-0.105831214409688,0.980294301756104,0.382433508691131,0.215112440464222,-0.110141301834388,0.739496060681831,-0.0376099266628106,0.918377997663854,-0.110182439822237,0.692381655993944,-0.0841224157532998,0.765542739774594,-0.0154847661274975,0.95610151950947,0.975563362055795,0.975616355657051,0.975590737757508,1
"pvalue26","hsa.mir.1306",1.06522575631237,0.458666684466056,0.204261244744259,0.940610732443663,0.515390066453637,0.874787989331125,0.152394197386343,0.950590040307496,-0.124031329032902,0.747152212492904,0.182379301192803,0.569543754281791,-0.00990781868222286,0.97409602009664,0.0299832200573157,0.920592372889616,0.352268400253233,0.227038253156803,0.0765306208854855,0.797523278235698,0.572439249095018,0.554915316212969,0.55138685933695,1
"pvalue27","hsa.mir.1307",0.888458582882816,0.494398932286504,1.05764673669592,0.726045509729882,0.0791161777964679,0.956203242755616,0.242700025743153,0.889713688121692,0.0270984891920675,0.94946127770533,0.364079826494484,0.381696612488214,0.440937210426317,0.298678237103056,0.35470217191732,0.21634090811165,0.205798885484614,0.487551218897902,0.32147086929315,0.278352970307392,0.605378140243966,0.619571998161567,0.616560055052847,1
"pvalue28","hsa.mir.130a",1.13429539808888,0.0196531662657615,-0.361444681585461,0.585125827455235,0.427804394310505,0.877654969200329,0.630556510410549,0.873596811716859,-0.118920632598149,0.700884371429349,-0.812169195950805,0.0570134259030139,-0.54859367600489,0.103170239905042,-0.288456688418433,0.306360557550838,-0.289326467048248,0.299813116718917,-0.129805946160683,0.643988385538005,0.69015050500928,0.684806179294287,0.682943445673251,1
"pvalue29","hsa.mir.130b",1.84963835033798,0.563322246389528,0.387180974052717,0.946978243307417,-1.49855928689562,0.645728387514624,-0.689777095212768,0.829664404852257,-0.154746207315785,0.686992028914909,0.493738549506546,0.207246208871875,0.201803502190452,0.57526871480658,-0.0674342834418559,0.804724305213951,-0.407109748095432,0.158924419950065,-0.130341347171317,0.636548806375635,0.514377631610257,0.536073170182321,0.531689992845719,1
"pvalue30","hsa.mir.132",0.745895376439783,0.149663239044361,0.572767086081851,0.792772095145054,9.44414572530909,0.0675627303183213,0.311161303655682,0.843077386057639,-0.372215503659758,0.368440608619327,-0.914254189875096,0.00311616928184174,0.0344960896691057,0.907879461590277,0.110580932496871,0.702070484041744,0.00570824275137866,0.984786424035588,0.147565907966926,0.612579130262197,0.938605156424492,0.938670187133968,0.938551401864451,1
"pvalue31","hsa.mir.133a.1",1.10832411944005,0.673512599031556,-0.125080536632097,0.96265485640985,-0.0439090340006398,0.987107329844883,0.862659812293327,0.877918592094029,0.437981658548012,0.178005527172734,0.529734251981798,0.123509777753858,0.0824018628848676,0.817289320790138,0.224411726646974,0.448908163011109,0.307304081566966,0.291454468374673,0.380789630580813,0.191010789204835,0.584967424450337,0.59977412826779,0.59643353526935,1
"pvalue32","hsa.mir.134",2.15079520614045,0.652814798091667,-0.0757374175105784,0.991438525157089,-1.44333397466209,0.766811925659337,-1.20654199333391,0.821078178043699,-0.113921916135836,0.745045748012888,0.594863271686669,0.0950628293908373,0.0634129913990651,0.867334263944529,-0.116863580665691,0.674618510457471,-0.17882871665971,0.536919697623998,-0.3088036371213,0.286578379173868,0.755730113126629,0.756706172604526,0.755340084263854,1
"pvalue33","hsa.mir.139",2.17536074040608,0.652234339245121,-0.923322787902327,0.862734582177096,-1.37896226318022,0.776946548356873,-0.781514315190074,0.881857138839746,-0.226906786605217,0.550000048817162,-0.0368433390553034,0.927638560075636,-0.12153380554338,0.735309370972097,-0.448994563894012,0.110391047794893,-0.503605627745311,0.0773275842767559,-0.318356069270892,0.247362752113894,0.294435431242154,0.272784399479875,0.265992528206767,1
"pvalue34","hsa.mir.140",0.643309296074021,0.286621810999951,0.764859209256053,0.703787165798075,0.920089720071914,0.782691247606194,0.867189661522862,0.779765200843709,-0.128954826150705,0.720297784707538,-0.510333417533025,0.179537358030034,-0.266174788931924,0.40082220154705,0.304370321430791,0.284325929939799,0.10365610628056,0.71807550089601,0.186667195380992,0.522929342837598,0.743144846765398,0.742335426805824,0.740879801539233,1
"pvalue35","hsa.mir.141",1.09227232718039,0.477988239360252,0.354346770768824,0.797878266509051,-0.100230931315463,0.955975120009061,0.735315271813235,0.875457931774022,0.610484722267798,0.10173093173059,0.378825926854964,0.189296833278425,0.298487708436037,0.430814798773361,0.503285310894511,0.0900939178065403,0.124866441574792,0.67951725984626,0.416634919666547,0.141778273800762,0.255976958620357,0.261746411750566,0.255592026076939,1
"pvalue36","hsa.mir.142",1.6668150520436,0.373481927205414,-0.604904124055042,0.813051296195914,-0.0021245436720935,0.999556207108547,-0.96428085128891,0.652108561524305,0.108147221980988,0.7818539802213,-0.0519080618228323,0.840556213238004,-0.384518867831869,0.381237174207932,-0.176519494880182,0.512417032024899,-0.0909068376154699,0.733037077306397,-0.624228804488671,0.0356151941777022,0.158985259450526,0.192397401627819,0.183128864935101,1
"pvalue37","hsa.mir.143",2.52674735522471,0.689184421274521,-0.971997166790031,0.891138521451633,-1.67082872726348,0.796074477116342,-1.58099427321503,0.80478292275397,-0.149801953971019,0.661706722767175,-0.080462933777829,0.838824927790499,-0.0788056800229333,0.804541237637294,-0.352907532006989,0.204725785095706,-0.581962283249306,0.0416002738067781,-0.549553119699172,0.0496583683980751,0.161920599194465,0.143263129462889,0.136301678665163,1
"pvalue38","hsa.mir.145",2.09834359261599,0.68157222532928,-0.99121138787682,0.852691604550932,-0.69868218559207,0.905222726454347,-1.08823058016175,0.83090751398769,0.205164539835565,0.6426579239937,-0.10456575735327,0.804595004518957,0.395683673661143,0.312114328552301,-0.175240365868823,0.545218310407201,-0.265539801113925,0.345309114104691,-0.117916962806372,0.675050228084276,0.818841401421016,0.817402326798373,0.816565553242495,1
"pvalue39","hsa.mir.1468",1.27388257613453,0.475238323662972,1.39359559236806,0.84423262100191,-0.831594247127894,0.646075257564186,0.24878309550104,0.922853659723738,-0.922901527916504,0.0277444319908519,-0.36383245049997,0.180628501365556,-1.39026343147472,6.71085772775694e-05,-0.0649264123459872,0.831809871272693,-0.631102124234808,0.0253767122891391,-0.645057685099451,0.0305144074882162,0.0365131270316973,0.0309628399975765,0.0274017964975427,1
"pvalue40","hsa.mir.146a",1.29099108902689,0.0164789156736538,0.486086860097788,0.823720748069702,-0.0834922930399362,0.968489240503444,-0.390126469669741,0.750819173342878,-0.102151933519869,0.787583830060614,-0.292759088932508,0.480892167835641,-0.555831717326724,0.19553575401517,0.059229465662938,0.827307186686738,-0.193683234787678,0.482350054161767,-0.523705058664621,0.0743030847983319,0.18438418423709,0.206812531027333,0.199082368101379,1
"pvalue41","hsa.mir.146b",0.727544513814129,0.131630301745742,1.18901890017252,0.761459865691867,0.623968075357649,0.549618045931981,0.442678178747668,0.757978189629073,-0.484536630619405,0.150400130021948,-0.226018323306078,0.49660386325985,-0.247420916387126,0.451479496392959,0.178583793769723,0.516852848161349,0.167460826809473,0.550404977511063,0.0787294396216517,0.790559780834173,0.908612722972569,0.910024543148795,0.909776094025464,1
"pvalue42","hsa.mir.148a",1.40292223388328,0.596995872959069,0.472303124508652,0.930424389128173,-0.528390070601551,0.845404839403842,-0.331346764610609,0.906642772002469,-0.629159244042973,0.159348345938544,-0.137560235531456,0.704390591810686,-0.172721985253701,0.665400773921707,-0.272235992735304,0.338003540552763,-0.360515551709219,0.206641041964771,-0.266920550740243,0.33848802955292,0.625188122754551,0.610401776430648,0.607353961100867,1
"pvalue43","hsa.mir.148b",1.49302753053848,0.693432545654628,-0.489668979525876,0.906951413748065,-0.175471221602308,0.966839643314922,-0.0805918785970437,0.988054041460183,0.026076630258083,0.947171033802665,0.213819292760222,0.502142091747772,-0.170124524793072,0.725551076188962,-0.188014453742089,0.499456461621516,0.0362640670398024,0.894235641846829,-0.103365001422741,0.717815160002814,0.853711620874181,0.855643700640682,0.855104613649056,1
"pvalue44","hsa.mir.150",0.983222911105023,0.125921169149201,0.60790996512942,0.471601552001163,-0.310709131561359,0.727515656171678,6.19016273949188,0.345708331516598,0.329273199968373,0.325579254274187,0.0899238795464988,0.813699381497115,-0.0465962637262985,0.896507160975741,0.416988942365329,0.146977575462402,-0.122709270941357,0.684385846206494,0.521581012969727,0.0658942157607313,0.0632228594743361,0.0655388877845319,0.0604839041733489,1
"pvalue45","hsa.mir.151a",1.47350329265757,0.590550425745017,-1.01756739493257,0.719225046834905,-0.486021613155402,0.90187338386724,1.60451236915176,0.833636892959955,-0.381709632383592,0.265195047582935,-0.341989051354778,0.424771860243739,0.165629760388231,0.58579070697295,-0.726331197558793,0.020257157641508,-0.4089437745419,0.154509511000823,0.436648188839979,0.0947965934295024,0.000369561541108059,0.000383057979542738,0.000208505595982768,1
"pvalue46","hsa.mir.152",1.32492113423499,0.516466781948643,-0.893334564123693,0.683981859534457,0.916244477185467,0.876382109389685,0.638951082791322,0.905877657229495,0.598619723582157,0.0884283935645556,-0.154092310451957,0.688148829347456,-0.0422015428134988,0.896703440852423,-0.150848068533654,0.612540720155771,0.195145930860406,0.486629123158011,0.127318162928057,0.64407737220364,0.650552816805965,0.657301439290513,0.654965770677954,1
"pvalue47","hsa.mir.153.2",0.517562192642529,0.180109016553958,1.28904400364529,0.69895151203035,1.51874088963585,0.563396046006669,1.36401495110142,0.689382527357136,-0.0695108752469638,0.852591829174267,-0.534263604047662,0.305420076721043,-0.0416225219945068,0.895322372934997,0.526572340975325,0.0689572864940397,0.169221065683954,0.585526190593611,0.545152809526819,0.0558448214385051,0.144287645116771,0.154275077156872,0.147657342061661,1
"pvalue48","hsa.mir.1537",2.05179890127388,0.596349001136021,0.0101110303383463,0.998744446426868,-1.13759680689792,0.771283870666745,-1.15729627988019,0.763283259120076,0.0695414844739479,0.870741948349575,0.149359403006242,0.690529611290567,0.178099812077857,0.622610304522801,-0.00255377114802981,0.993034027195818,-0.320290828535414,0.259410040654141,-0.281722636476016,0.325869431798761,0.525568233265823,0.522048324258132,0.518752164048977,1
"pvalue49","hsa.mir.155",0.450066605276974,0.23829356681547,1.62819831083995,0.737797276723532,0.547926027471801,0.421172589718909,2.14170561515392,0.636399112085042,-0.367872451780615,0.340855878660843,-0.0209076909702053,0.956718134227739,-0.0764042091382013,0.852688065185987,0.415845657000812,0.150073926777898,0.265166597268447,0.370694797389225,0.696626617810477,0.018488856983247,0.117495030065024,0.117800169418637,0.110786442784098,1
"pvalue50","hsa.mir.15a",0.938856580120533,0.275945272974812,0.755725345480719,0.752145323758077,0.199263468153007,0.934742041048675,0.519583578454716,0.879592668346105,0.210126941369135,0.522542774049293,-0.0861913587306375,0.827783675384172,0.00551262159280064,0.987330548002127,0.411247867693319,0.14102446066275,0.0770612393473529,0.790312137509578,0.186064204163731,0.51983563556867,0.485376605185401,0.472728046859357,0.468309264062851,1
"pvalue51","hsa.mir.15b",0.821787138321616,0.24726128937678,0.723875712043707,0.831417237238064,0.177174391177226,0.905859731643905,1.36333172958641,0.780371385736075,-0.363975992126533,0.337889553004337,-0.347859149364433,0.456980098960998,-0.376153970182668,0.300912539934403,0.0432174761888542,0.881228231159946,-0.101065562066648,0.730439450152471,0.19245334963698,0.494956772606763,0.768125492021735,0.765531114914308,0.764285794669707,1
"pvalue52","hsa.mir.16.2",0.730234811261734,0.121295354713105,0.623523893221212,0.776076991449316,0.571722311109069,0.619617432977949,1.33076295071874,0.789359507957135,-0.0375752314840701,0.923089990984272,-0.317397146153018,0.38964425791114,-0.280732683963732,0.475365228949606,0.257434849541336,0.369147648147467,0.0666204529962742,0.816329558800222,0.302375038951884,0.296196682028597,0.667577592024838,0.668203009273779,0.666264265077556,1
"pvalue53","hsa.mir.17",0.372557377141826,0.378266658170864,1.44676410851723,0.681074318079067,1.01308321768323,0.585100998474934,3.08316038409354,0.577972216442663,-0.0126604033606268,0.973946427040862,0.412569889896419,0.226663659305728,-0.15270119705952,0.712815204328324,0.606365884198044,0.0416742163907563,0.722537453080502,0.0152158110261691,0.670881072053851,0.0281911205358906,0.0484397004170972,0.07224838569786,0.0643708921348722,1
"pvalue54","hsa.mir.181a.1",1.08478793952327,0.542387398958291,0.647365216339799,0.883248304484821,1.42286208887126,0.833086757387417,-0.761591208819974,0.691531486227168,-0.396968115346388,0.323651285512698,-0.815051958412355,0.00907356625696807,-1.21161412074649,0.00210219408502334,0.0608321949310248,0.821991103724061,-0.104487815335774,0.699170930757484,-1.01268501547504,0.00120473926447948,0.000772427498903628,0.00287628189074258,0.00172035345563014,1
"pvalue55","hsa.mir.181c",1.25524830355307,0.0235977494021433,0.510452406410226,0.90364942910912,-0.349830285871282,0.727359421319908,-0.0466177826739198,0.986446029066539,-0.273403591569279,0.510963548873918,-0.518252832629063,0.182479509910636,-1.19003649380196,0.00700939431623895,0.0410291652870752,0.877517895297281,-0.439123408742155,0.117393616612536,-0.703110568773518,0.0160496749338039,0.0257907699691125,0.0302425790942409,0.0264176581318375,1
"pvalue56","hsa.mir.182",1.57933315147281,0.600224662008495,-0.726519954338476,0.822926324139889,0.110279699394258,0.979016041528212,-0.346384902150066,0.912343871677495,0.445241828208688,0.331792526864316,0.213514245309636,0.602573404084768,0.51701719590148,0.198576788647329,0.0259644411234864,0.931565042879193,0.227378162544216,0.426141524640453,0.217282419609755,0.446921059024216,0.778775516036005,0.78063188358221,0.779664400993143,1
"pvalue57","hsa.mir.185",1.2258591187116,0.4853519794781,-0.307749323120455,0.889346701735804,0.361885481635283,0.89028532847078,0.189457599341972,0.950789328287249,-0.173162513283015,0.763539163793738,0.0132590900033927,0.969225059666549,0.489998467683431,0.123961346157585,-0.164339673076292,0.581310352941152,0.146986652462269,0.593490596641421,0.343315004095214,0.214951479274391,0.352331893274902,0.351365987885926,0.345479131009254,1
"pvalue58","hsa.mir.186",1.08530404055802,0.40961371249791,0.117507284766758,0.947169091394458,1.16756883159267,0.830889804842032,-0.0591675623051146,0.965484405822117,-0.00382046710278861,0.992386715775704,0.103850860101794,0.741989635444235,0.134148944824169,0.714805868665918,0.0790530156104182,0.780386485108187,0.370180118626116,0.188802502981128,0.0518262686907502,0.856565280475344,0.57405824979688,0.554632759014381,0.550887499652432,1
"pvalue59","hsa.mir.188",2.16483814516579,0.732510682397478,-1.78342494614311,0.78133794797577,-1.2287263293461,0.846164984370879,0.892545394598943,0.91713933899647,0.219521068133457,0.64702485212853,0.664640506345753,0.132290354883738,0.760150667072399,0.0814100025765132,-0.530193883992841,0.117924749721192,0.0157389290626472,0.958979487500566,0.658507313148415,0.0273289130720839,0.000529315903908417,0.000566138844770608,0.000314952434655496,1
"pvalue60","hsa.mir.18a",0.343180287247232,0.311504717395299,0.958903894038497,0.550910575992218,2.88394270929235,0.596141478910764,2.29996634772206,0.722370374587568,-0.291323409894309,0.416790281314923,-0.349151704845364,0.314252977718785,-0.209750028571062,0.47060874929583,0.372482279420491,0.213525215582182,0.638106808896321,0.0301196357137424,0.682813671079751,0.0195309891655539,0.0696848550631451,0.0840398447498277,0.0775873345271403,1
"pvalue61","hsa.mir.191",1.16136467168133,0.51010146807027,0.39942738477672,0.894706660885299,-0.687193423957837,0.717271689486482,1.01576048198434,0.872191428846282,-0.727265032913997,0.0394480259295634,-0.366267459278126,0.270209033706724,-0.724160455548575,0.0379270986749599,-0.295929512796597,0.28851465465807,-0.624521164675886,0.0333339423168786,-0.167273064729318,0.539990917015451,0.172889004489082,0.188173205869422,0.180579296088878,1
"pvalue62","hsa.mir.192",1.657963583036,0.618808884076221,-1.43420688979088,0.672312323005445,-0.257338788406713,0.941395115218328,1.08412884313698,0.887834679014063,-0.0853142850605424,0.857679325985799,0.12350027855022,0.717404648514452,0.223432836577083,0.52045659871618,-0.671179662198617,0.0348809087033296,0.019227938392866,0.943423605767545,0.37147507672772,0.166591056013676,0.00748142762447351,0.0124241641927817,0.00950398709616778,1
"pvalue63","hsa.mir.193a",1.87777159820791,0.674521904496786,0.154795351779459,0.976547167895891,-1.10916912207425,0.805548006580629,-0.951951606536357,0.836685235493471,0.30824524279284,0.424766508099881,0.283608024252073,0.444649965918154,0.213241102501972,0.579269872922923,0.2359572284488,0.389342189316161,-0.246107154920248,0.390128997473947,-0.207097657331002,0.479391365503071,0.288662664937268,0.277116640178128,0.270841794390008,1
"pvalue64","hsa.mir.193b",12.6552521973739,0.0294541197710574,-10.8707717553898,0.0702801963476817,-11.8273795348071,0.0425802876046932,-11.7400806418784,0.0445524101577497,0.206923061165755,0.593346856483374,-0.453199984579916,0.193157357422024,0.109291883007043,0.773832028770935,-0.177122596053264,0.546023096289322,-0.98225150199174,0.00117857595615861,-0.592656152701209,0.0476645022768845,0.00362542292375201,0.00406228273496637,0.00296769655432207,1
"pvalue65","hsa.mir.194.2",0.836685322142577,0.418078204775203,-0.601000837728605,0.597436091635969,0.937626901528599,0.811089188016789,1.52025178891498,0.781043323289416,0.430558951368953,0.286016405623003,0.037440222905024,0.92091979495532,0.104597172609238,0.714955881839968,-0.108675650945765,0.736790108167757,0.407841940336174,0.144049645884856,0.531384343363749,0.0586849886940599,0.0780424781188273,0.0838392902602145,0.0780723466556153,1
"pvalue66","hsa.mir.196b",-0.0336012453023117,0.973637686858721,1.22245825030951,0.306926631126321,2.58241073847291,0.658880955599207,2.09395009084797,0.641109331560573,0.770855198771314,0.106455091135083,0.743210004641596,0.0650772516778051,0.184760160736716,0.624813252285157,1.11418398146861,0.00077340621273218,1.48366229058413,5.22954320106614e-06,1.01131924225433,0.00219912443141041,1.37005218098588e-05,0.000110001514792136,3.30564198445368e-05,1
"pvalue67","hsa.mir.197",1.41918927335729,0.571141221986988,-0.409543997142673,0.900979824820261,-0.557329219018043,0.831954173608167,0.688164254437455,0.904470079333066,0.317915857850097,0.432900218588429,-0.120422727720431,0.751489681904791,0.0848087698407217,0.791974780933454,0.058152699876592,0.839403301672947,-0.27148820840022,0.339408959467798,0.249781257786727,0.365018965277547,0.318734239390366,0.326480143670757,0.320121560511533,1
"pvalue68","hsa.mir.1976",0.978072605335041,0.637983119024775,0.542542310176587,0.880381788198487,-0.0832829702844903,0.969407624156556,0.970924756578836,0.850240160711066,0.207272475294415,0.634932720472978,0.350216917864808,0.347661206118745,0.456117601412233,0.173417003070391,0.398182089554571,0.205594228945263,0.187479407345307,0.548469657928565,0.611165055345773,0.042372994112081,0.172983347246653,0.175819201156997,0.168850738518528,1
"pvalue69","hsa.mir.199b",1.46565328075384,0.421401606378181,0.187300443885955,0.963124731729654,1.15070693308497,0.856041205354171,-1.26021161163599,0.506416883121651,-0.0223114612283122,0.953602512500074,-0.146926108371298,0.63056238000205,-0.353241406353276,0.291202664331877,0.046250807512784,0.863930067223722,0.131989118761353,0.622505316322564,-0.830738642974142,0.00710066345535169,0.00386485338165897,0.010255869950731,0.00728688560433872,1
"pvalue70","hsa.mir.19b.1",0.790249967497523,0.526264649186737,0.735593724474682,0.708177660429421,0.575298903307752,0.807487158742894,0.965348307538867,0.803716301563692,0.410341938145754,0.282135815313924,0.497266847359993,0.205022620222184,0.20809277246611,0.602424417178272,0.574457788285741,0.0432013330837145,0.55877008465012,0.0542117603134443,0.485568495399149,0.104759901142181,0.132461722321463,0.162451621011484,0.153955075286365,1
"pvalue71","hsa.mir.200b",1.35050486787166,0.612143814724713,0.193526693738755,0.969000766023786,-0.209670620577278,0.939569495045587,-0.203768816061301,0.940827029421509,0.173881112276266,0.709496718394063,0.45353665184309,0.249151296380022,0.873414927832419,0.100938330986949,0.0600576930828609,0.849801602152806,0.0983040952730285,0.72489320083899,0.381202068323049,0.210144873679611,0.600036490674956,0.580738602031962,0.577195153629641,1
"pvalue72","hsa.mir.200c",0.716149250292218,0.0863585650113867,1.06589784352447,0.782207535788698,0.634708126574198,0.691608042652651,0.691611889880616,0.530391432397006,-0.166646241562876,0.585237533414543,0.20010394813879,0.668024029561347,0.103773243310366,0.68938452122745,0.339604245465357,0.245500034999703,0.456657280470746,0.118985204418969,0.351437047197264,0.218029123847597,0.415086673376441,0.440417393718543,0.43468582227184,1
"pvalue73","hsa.mir.203a",1.97924652648172,0.729659303132832,0.193684731812096,0.978466624971332,-0.268499332606407,0.967711566871335,-1.68585290844098,0.778446467978662,0.365672967599233,0.310411649251363,0.0634349375739466,0.864646509802681,0.11074092901759,0.766940142244163,0.357817046056501,0.189321501124379,-0.0186467773510305,0.948595055790574,-0.598520166867782,0.0554286159269551,0.00912496053737215,0.0126195432312535,0.00991247594689013,1
"pvalue74","hsa.mir.20b",0.707722514169772,0.593957089055187,0.390526669707776,0.802822983024983,0.431268248499362,0.817995354099813,1.77217936854644,0.6848892815778,0.0723749276381268,0.869812646596012,0.52478342783639,0.18576139520768,0.696503372834032,0.0613120032185468,0.257249557655261,0.412162982324637,0.493571737726043,0.101160629767212,1.04044718595633,0.000249511779977236,0.00166488222888527,0.00125497509647164,0.000802468958749658,1
"pvalue75","hsa.mir.21",1.38238086583337,0.585781508619781,-0.0654461303420794,0.984858504225322,-0.232184370168777,0.929494347709535,-0.147729588120591,0.973773745656343,-0.0484664568452169,0.897884336590782,0.313660593304126,0.353075429708521,-0.0857116928359351,0.800636479440915,-0.00544384629782199,0.984389399895754,0.112218100417432,0.683583931255833,-0.11959555413201,0.677614004729582,0.886692419384988,0.886916671837481,0.88651240705203,1
"pvalue76","hsa.mir.210",0.759408367212444,0.081272800877306,0.46856411739227,0.473638586908895,0.624523626493102,0.751464602558948,1.30330882146845,0.79051710429174,-0.131696113026434,0.665971241174008,0.251459842636593,0.460450400297614,-0.456430404160759,0.163222873111333,0.124780707332914,0.666063683691254,0.44860888546568,0.111447924284504,0.157983965897924,0.588561078823565,0.436451570840496,0.420193813122004,0.414934657165411,1
"pvalue77","hsa.mir.2110",0.661782541050083,0.516936246293383,0.902205368379656,0.765346154399035,0.666698799061417,0.831713539678232,0.720441681064588,0.571290907408001,-0.20943455630898,0.572828510924872,0.147606666872732,0.761477031193314,0.164810329122305,0.604767920973624,0.260646109156676,0.392343852525782,0.414757904115789,0.202571538930145,0.407615549788523,0.149617591687698,0.467893794550981,0.49138730515125,0.486376314732835,1
"pvalue78","hsa.mir.219a.1",1.0754696114772,0.712861991103211,0.58032881505135,0.846455676124759,-0.113118299157814,0.972541205770597,0.0181968144804101,0.995661949966193,-0.163657202435473,0.678850984891126,-0.279044317237921,0.520579567515301,-0.468909799563965,0.247353244590435,0.143146546665918,0.652558537423697,-0.21980903268354,0.541664760108174,-0.274361361935004,0.419764845103489,0.327718660019411,0.327605203875343,0.322183245245138,1
"pvalue79","hsa.mir.22",0.796315326761018,0.436072274510396,0.451388653545026,0.78090662939891,0.434308393991773,0.727890619536743,1.06581497601134,0.733735425900308,-0.339487073270218,0.406832661309244,0.1845103692777,0.648857829008826,0.105031823209434,0.740174970920031,0.00985472985919394,0.973679543882635,0.316628187692102,0.280569649967762,0.432539935639007,0.123963289010253,0.303085026706032,0.302278033403604,0.296648768403779,1
"pvalue80","hsa.mir.221",0.758797637106582,0.0757986509890356,0.476418889166015,0.571023274803628,0.485206333053646,0.507872020824829,1.33253812788504,0.804334174429843,-0.560724573751862,0.142208410000136,-0.271930884865534,0.438997555600967,-0.931525589784661,0.0080003454821009,-0.0717102904687485,0.80414407662162,0.055677410552858,0.843100776747374,-0.125064389519376,0.662621017789678,0.922464678841061,0.922431367216052,0.922241764121481,1
"pvalue81","hsa.mir.222",1.54607311425195,0.583483789763469,-0.478683247848606,0.869283430682997,0.786424009910758,0.896917944007524,-0.799555623511064,0.78099958155509,0.351879367305542,0.42209362407887,0.247932016691385,0.527986704886444,-0.085789705601212,0.841362797578615,0.0176401944460137,0.950864297522578,0.363647309411128,0.182128581570025,-0.387521416630187,0.202434646690216,0.0713544556417746,0.0754662180974353,0.0690276956467201,1
"pvalue82","hsa.mir.223",0.655779941477284,0.178549234695264,0.544504640394442,0.462600135241746,8.13331195490568,0.143735551929572,1.08809137634746,0.805633574873588,0.390911156417399,0.305677594752841,-0.468007728598408,0.24012138009756,-0.114978895010017,0.776133166489011,0.439843838948535,0.127925236562241,0.353372180524144,0.22950189723644,0.351383513568867,0.23631492783546,0.433961661406317,0.46235932011391,0.456694319777248,1
"pvalue83","hsa.mir.224",4.04976773188936,0.468210227598599,-2.1199644146947,0.743138045562569,-3.22155284670101,0.561416517115853,-3.07120095210276,0.588053270820917,0.104903524823229,0.797437414436732,0.177859575619207,0.658255558109512,-0.0600829440816824,0.888766234868579,-0.118106070974096,0.697447046537796,-0.483322529554356,0.131627315977835,-0.515638505070807,0.112913570516692,0.223145802129493,0.218400371687054,0.212351641228825,1
"pvalue84","hsa.mir.2355",1.13736923966155,0.27270950572106,-0.562884823081393,0.60056685519778,1.34272492841934,0.838859237519669,0.361000488635259,0.891689937925443,-0.010887674751586,0.977752528631593,-0.384258875862991,0.280774367990484,-0.219415458496402,0.551118151543422,-0.319345554102355,0.276749380705411,0.0696860068634789,0.802084567409233,-0.0330422341226369,0.904589723605365,0.561742987272661,0.582912551818384,0.579135638206677,1
"pvalue85","hsa.mir.23a",0.666990211281876,0.116802065494585,0.863482379588726,0.324739576270785,9.2998124299387,0.127433887998111,0.263169955603195,0.841411698057694,0.165914183871487,0.627874299474099,-0.633620266991941,0.153845286782172,0.26896699629327,0.482865918908568,0.446195335131381,0.117396417870208,0.254573143856573,0.38286628044521,0.283278846150077,0.354665517208026,0.470510600121153,0.482204548744677,0.477398507643066,1
"pvalue86","hsa.mir.23b",1.55789920683019,0.57991742875866,-0.247601814681448,0.943915236773833,-0.229978869832678,0.941671566877092,-0.617352706159508,0.844414207790016,0.131052282980801,0.738408430134887,-0.393773447369275,0.179935243249392,0.323811356889577,0.301933988439455,0.015847657554482,0.955521590094742,-0.311149577474758,0.274392911741038,-0.0753178650821227,0.782566927085121,0.645170562293764,0.660368324058206,0.657810408403679,1
"pvalue87","hsa.mir.24.2",0.713054904619323,0.0262115650079289,0.986008554343516,0.820252006185877,1.08627794579474,0.749009392355509,0.655148506016932,0.793363635710228,0.055293153259629,0.877173575431983,-0.339777584898563,0.320700967532608,0.0401770763405164,0.91317871238395,0.446209968957286,0.111032432579467,0.18391806650519,0.529320427946232,0.353867618425243,0.226275151269768,0.399958672671306,0.408467230255983,0.403328039599836,1
"pvalue88","hsa.mir.25",1.20519643596449,0.00631128221424659,1.57262326747648,0.69778250454701,-0.063192189282741,0.975572555937795,-0.0479615866941609,0.973168137756632,-0.799393413020588,0.0308671105057457,-0.714955447651258,0.0672201231861057,-0.847253115022073,0.00255812415467082,-0.117397190895966,0.674243804973085,-0.367253087948529,0.183490655094698,-0.511404042623116,0.0697510843390468,0.25556275737543,0.257082690533967,0.25083149620763,1
"pvalue89","hsa.mir.26a.2",0.982894872951769,0.0246406190746897,1.14435528991559,0.761952862005814,0.616506829133687,0.823852027224498,-0.296600279928204,0.769790772518371,0.142359937420969,0.719929725449269,-0.376639241313261,0.229802022505102,0.0983717411428278,0.737260592372019,0.469798318916533,0.0874574526909661,0.00630855744639636,0.982041903301375,-0.121606642820976,0.678838832375809,0.181268709437916,0.157756714433715,0.150339846903785,1
"pvalue90","hsa.mir.26b",0.900843062670707,0.327848082574767,0.964935284512702,0.734828482906102,-0.162625172749186,0.88885292922838,1.24244903482885,0.799345263063989,-0.39535114228836,0.297610262355302,-0.111911854561209,0.766515811993732,-0.18348583723475,0.597678101537553,0.121350757225518,0.665594044158369,-0.146563841436539,0.609432839018485,0.276079117314402,0.321708284106323,0.506185827190649,0.50531480427321,0.501330714779628,1
"pvalue91","hsa.mir.27a",0.544899763539806,0.183928246919709,0.885759698906259,0.667598386773829,1.9054014049178,0.761778602353655,0.843454371418931,0.788752745769084,0.608392376539655,0.130242333700998,0.143743899066755,0.587690564269808,-0.191880182833678,0.5544256859427,0.821738599206675,0.00494325997916325,0.756220264230647,0.00787554777601521,0.260440170833573,0.40077323682537,0.00905433143262751,0.0110261547446385,0.00891466610705156,1
"pvalue92","hsa.mir.27b",1.47743995643917,0.640579685889829,0.0138956766049287,0.997135106336213,0.102066444988798,0.979836733507429,-0.838366740600603,0.798635293674462,-0.104901254837776,0.743019025581565,-0.352538892269089,0.296492808879474,-0.0903986347155948,0.788584025090765,-0.0400497038635712,0.884611470425456,-0.140486476604462,0.617369291298217,-0.41399253632865,0.162942616538697,0.482924278733006,0.505455798180863,0.50070586047341,1
"pvalue93","hsa.mir.28",0.543920776840546,0.207447466541293,1.15815246027468,0.57750629743586,1.74487832455574,0.694269597805522,0.781674315997899,0.68128145893913,-0.172391534773566,0.692680938723991,-0.348336883185486,0.51049022163741,-0.134810611364153,0.695621065858159,0.397504629129572,0.175424294955608,0.35775383056032,0.230112436750493,0.242735610763917,0.414842417122787,0.52795640208859,0.547224958569663,0.543117696411008,1
"pvalue94","hsa.mir.296",1.03069690582577,0.479806525658315,0.0964703178302289,0.959047384312389,0.262981803868863,0.875269769351072,0.621856072624846,0.80112163983109,0.0176592190407063,0.966220792683436,0.0118431931609276,0.973980941424015,0.334581681409858,0.345422000288943,0.0671379719350679,0.821604142279635,0.162738864402092,0.587901706897152,0.451986499108118,0.121132710972902,0.394318278523089,0.376146433851106,0.370518357805844,1
"pvalue95","hsa.mir.29a",0.71297166485039,0.540842236969837,0.271503279653808,0.854751405422155,1.25470258360385,0.814492085507488,0.876902585892213,0.809619764783826,-0.191559054345441,0.684461399289528,-0.50350345449266,0.162180323640718,-0.225313759310257,0.554230048919073,0.0408031290404394,0.887717032813091,0.147213903779483,0.600233662596852,0.224219229030287,0.433679377427138,0.859476786940242,0.858623384863659,0.858118406874246,1
"pvalue96","hsa.mir.29b.2",0.668099251663758,0.0857801038507802,0.62788994154071,0.802399873515931,0.60737116102607,0.773514699456638,1.79280506045724,0.776372228157707,-0.250657096974181,0.597801065380585,-0.310401638378815,0.398113046150458,0.159122445922686,0.588534099897761,0.181153339394263,0.539736651518599,0.0934330061408833,0.751743786745545,0.700940518890883,0.0116418206092947,0.0560705678923674,0.0438513991395396,0.0391000968129177,1
"pvalue97","hsa.mir.29c",0.885859576058745,0.129863402251726,0.0905180881282865,0.899807267458539,6.74466603213331,0.217277566420757,0.707280609901196,0.819302539422581,-0.0317840605508227,0.939724872267709,-0.586701739996468,0.144874717908435,-0.227188297924089,0.532350845507225,0.041162589375497,0.884326856877588,0.139506089088533,0.627020154115648,0.121031786806206,0.666220921294699,0.955997552404192,0.956159066990713,0.956089511869695,1
"pvalue98","hsa.mir.301a",1.12550477534876,0.495649824294003,-0.169838621368911,0.924717567404614,2.56092761156863,0.500692389231804,0.350763465595464,0.932530222388217,-0.435115065051601,0.294474145592667,-0.824181892932636,0.0162107716879621,-0.33546118768195,0.362245338413805,-0.304018122167606,0.285204903155611,-0.1480667852983,0.591464666129649,-0.0446311881834197,0.873753299685268,0.718471817458634,0.725042302280037,0.723379760200231,1
"pvalue99","hsa.mir.301b",1.29914434410629,0.624837387375043,0.0676062438517872,0.982993293085577,-0.322082883022216,0.911381633640829,0.284935425573216,0.945103786919107,-0.406217365429306,0.333904257889771,-0.423098321428481,0.314394082285271,-0.274085436534608,0.512394331866035,-0.216412376654195,0.488637571394804,-0.40123025798305,0.189610175886703,-0.0599447731750101,0.845601199324758,0.49049908653709,0.495323212915952,0.491312350761394,1
"pvalue100","hsa.mir.3065",0.539109077532783,0.189583031625849,1.54707896517723,0.728080297749594,1.12800638037315,0.70729324184057,0.480557704027367,0.488515092302334,-0.42022508598502,0.157127302520758,-0.608889481466889,0.0901512281999895,-0.337927711673418,0.336086304335336,0.393481831248204,0.190347390729845,0.143911837563862,0.64538089590939,0.12796609792879,0.684259173474533,0.563985644842622,0.555592202319047,0.552134531432886,1
"pvalue101","hsa.mir.3074",0.933819932771253,0.711356573598006,0.25170624724011,0.922248517003414,0.543023016823402,0.877482802617846,0.552789693251145,0.865156847391434,-0.0366375748390498,0.924143678836798,-0.0727572765184322,0.843875487025336,-0.0825135228170669,0.806537174739064,0.104366421917297,0.734562888729045,0.196471311084598,0.520819477705763,0.1513247389683,0.62780825409819,0.929734348618562,0.931342897880039,0.931151790146718,1
"pvalue102","hsa.mir.30a",1.4067758130586,0.599807346871606,1.84986860553598,0.648507722018239,-0.402628983253829,0.88581159957603,-0.161920208245063,0.952878861427145,-0.203371231142577,0.633637666916199,0.0436499649482358,0.916907071772474,0.277668776546654,0.482834432776804,0.0806512830681288,0.782935110451597,-0.174208215189412,0.547791458375134,0.0394117892395342,0.888698013665211,0.811139602519979,0.817313198268983,0.816421920891719,1
"pvalue103","hsa.mir.30b",0.773789737268567,0.0656950615801764,0.295785506885497,0.750147711638524,0.928134642361481,0.803877849573916,1.14260775095859,0.794575107702908,-0.140905518737954,0.745674471854945,-0.560290167070681,0.195595959546053,-0.513739344305535,0.119345552620647,0.0872578264912957,0.758079346813867,0.0398193160134918,0.890445795688152,0.0886609601798753,0.754519490824531,0.987315985287893,0.987418354742621,0.9874089859652,1
"pvalue104","hsa.mir.30c.2",1.31768194187368,0.626436998817937,-0.176455259235266,0.962240657109144,0.0404413225876406,0.992303157298659,-0.069654601498373,0.981846571513533,-0.677720950940139,0.115137145726088,0.115957002181285,0.726034115079307,-0.453245036352502,0.156736015464535,-0.437447418027666,0.119440701500984,0.0754496791537379,0.780851031453762,-0.331645367948821,0.241550384503795,0.203505730982589,0.207107691100456,0.20089199757507,1
"pvalue105","hsa.mir.30d",1.17484288813939,0.476684564968459,-0.371837495600379,0.829235033735935,0.753824600046137,0.844336129563951,0.297809751213837,0.929480868721781,-0.00760410750437314,0.985835004723824,0.247747943622097,0.462688625709214,-0.635575280815136,0.0600649957545836,-0.151269018089481,0.593941627717193,0.396263767363921,0.143342508013457,-0.343613903995058,0.242907798576648,0.0664804745173262,0.058762359601434,0.0533100465059911,1
"pvalue106","hsa.mir.30e",1.4136785202328,0.459672434426058,-0.492207072778978,0.80817027127193,-0.2549107721074,0.923300692364907,0.353400780742971,0.933905758403273,0.586089822465719,0.0759817984026228,-0.0473423026556846,0.896040161436339,-0.212239411798121,0.533234110824652,0.107025594537864,0.695322123444208,-0.139657870087532,0.617286273734939,-0.0973952561417228,0.72776552616465,0.833345649189175,0.831393920334559,0.83068308521695,1
"pvalue107","hsa.mir.3127",2.08380825471974,0.734359057734247,-0.9004470366278,0.892530733730784,0.213475334059693,0.980314978048502,-1.53033835846676,0.803767331205901,0.225768889563564,0.624644051255023,0.075229587414643,0.845241115179009,0.141538984531051,0.72612504019096,-0.137758977045523,0.652451147911288,0.0494130512305841,0.870137566770351,-0.51037414277174,0.112141017415946,0.187398102055802,0.209673314014268,0.202088376095263,1
"pvalue108","hsa.mir.3130.2",0.609709702260267,0.108125917857967,0.595549822863884,0.755330757006023,0.468158889146162,0.787666037981343,1.35078556988349,0.642948443883278,-0.158146129321787,0.742915008546851,-0.569497836031738,0.0907181141686334,-0.572766262491232,0.110562317986102,0.27266465803613,0.407940108172821,-0.0768835724436598,0.801006855833797,0.203308535708095,0.481781367145554,0.576943407759488,0.579556210766558,0.576692771967648,1
"pvalue109","hsa.mir.3150b",0.943564653469208,0.432526973613691,1.45209210130532,0.838638077192729,-0.0767822962502208,0.973179020201653,0.377779414656198,0.785651213926017,-0.613684023454663,0.106697478737767,0.0373222276307504,0.9114955503954,-0.050694781832915,0.868053206784635,0.0599646164568612,0.839872465400315,-0.0342629729827876,0.906553808569312,0.122457298955116,0.674132177513472,0.945624946078139,0.945301230811451,0.945194051215101,1
"pvalue110","hsa.mir.3173",0.890656580678034,0.841957322806227,0.205443459059797,0.96501536422148,0.526548049796314,0.911043280804328,0.425235656450744,0.930283373621462,0.602857205763286,0.253391531619232,0.507557433930572,0.301784689557684,0.398689217852399,0.438943809248456,0.466537866753711,0.228337535608826,0.530096682419687,0.154287771204342,0.459739579415782,0.230687912809988,0.505068779373581,0.559382857390294,0.551126067854417,1
"pvalue111","hsa.mir.32",1.38277355940044,0.0648037311096492,-0.242520726657519,0.889637124683522,0.062765960785468,0.984723392919662,-0.134136691674496,0.957176050729533,-0.267656853010327,0.426711581249098,-0.272046221417957,0.406834929538303,-0.311040573273776,0.318126096166406,-0.280469983953509,0.316089237001885,-0.203128709188653,0.468767364193414,-0.261552614379115,0.339277318271051,0.728843228373226,0.719283394928406,0.717605371844908,1
"pvalue112","hsa.mir.320a",1.34594024181746,0.462985464149627,-0.502478245675768,0.79587109652655,0.217836144370039,0.933915529133037,0.269796337120585,0.9461977928955,-0.653142053474242,0.102050141258073,-0.380597702241103,0.294113506193886,-0.654724669986531,0.0427888961162226,-0.558955502244585,0.0488006650874475,-0.136582539084433,0.607434854389456,-0.359540310743767,0.210124225844474,0.204384731210005,0.21272501145286,0.205815879978535,1
"pvalue113","hsa.mir.320b.1",1.04416922058209,0.0195994633931456,0.053396329692944,0.941438736541803,-0.155738170987248,0.903143095043354,7.41660666448196,0.166251153692642,-0.508852281995806,0.185132078973382,-1.033661821582,0.0166603019909673,-0.951073577568989,0.0100157461430167,-0.252904254309168,0.363696915635932,-0.617402270367181,0.0368671459653249,-0.0748712573230116,0.782149833055403,0.148044137052475,0.170751901132583,0.162701791757578,1
"pvalue114","hsa.mir.320b.2",1.2327001348376,0.0442477817445228,-0.236922056312449,0.758315636319922,0.0884248705152409,0.957259897683766,0.376903410522998,0.910139191781806,-0.246466910466497,0.473409082033527,-0.706962140783048,0.0763011051860308,-0.732216739453938,0.0286444135786304,-0.231184729650058,0.433612880329731,-0.324266658399158,0.254059689136651,-0.307884044893332,0.278816062722868,0.673516092595371,0.657200052240937,0.654583187345409,1
"pvalue115","hsa.mir.324",0.810692199961312,0.0657904051281213,0.550845333308396,0.754307515022163,0.645683289336391,0.761124732756657,0.653079506169767,0.802004183184492,-0.665018712329864,0.048404702002362,-0.207943870664201,0.511133839841988,-0.475422278614259,0.234440553709781,-0.117952752017809,0.680551186336286,0.174068467611325,0.543458002916612,0.0645068460410475,0.819908083122278,0.7742143870096,0.774642568585898,0.773460817560474,1
"pvalue116","hsa.mir.326",1.69302458348965,0.529063718878429,-1.10880327131482,0.691073508678698,-0.842646687472411,0.742279717091068,0.0758562940810454,0.983303139474728,0.700485029397766,0.060208743157885,-0.147995487791682,0.656728926403183,0.0142078999426302,0.963934171162683,-0.105857381316803,0.717951878693799,-0.414792964868227,0.156253245383872,-0.0154855329333368,0.954230102061194,0.429401694431815,0.456341190959302,0.450841855145075,1
"pvalue117","hsa.mir.328",1.86253149946422,0.635825101067351,-1.25975864127454,0.753702496752679,-0.0380354214318099,0.995237735339673,-0.600808465678559,0.886235601064863,0.353333318185351,0.407749469676208,0.0670440908734233,0.832289086631869,0.398024798502051,0.327235006546248,-0.2347603234384,0.419985588634262,0.0227633800913388,0.934666386035689,0.0874780491590415,0.753157459189966,0.700808745141217,0.713732212432917,0.711711606752071,1
"pvalue118","hsa.mir.330",1.02998966321187,0.0678020660217766,0.0498831511942105,0.979314015414969,0.518311919143392,0.871741715159625,0.516684305135643,0.858103460506249,-0.33898950605855,0.42132030647458,-0.265713548281337,0.429734355777732,-0.394125894810589,0.164400151029396,-0.0969634432551713,0.75023041308074,0.0726450260787645,0.810522873900446,-0.0427184442055469,0.888503129184441,0.936809944744562,0.93633253865926,0.936190754353073,1
"pvalue119","hsa.mir.331",1.62340360204292,0.410712657228255,-1.16336480336485,0.569353872775928,0.117041992486945,0.973460513018755,-0.355420505202562,0.870626149199625,0.274580938174851,0.41615267994378,-0.702043338870356,0.0557413450986023,-0.231053924998647,0.421243580416853,-0.385450942602046,0.179306841073619,-0.362587620741522,0.190028529924962,-0.262368432184025,0.332010556548094,0.497116442399372,0.48014625228015,0.475780006615568,1
"pvalue120","hsa.mir.335",1.14554857168515,0.632326998956635,16.9218400322495,0.0135757370904983,-0.134873306441434,0.962131070099584,-0.772672478319982,0.753938077306059,0.185995885348153,0.611471506640332,0.057606291542902,0.896957970004898,-0.190609819394512,0.668531876011187,0.687813809144143,0.010259478126359,-0.0526447871304757,0.85998308625871,-0.52218480089903,0.0979436143893269,0.000255419416806809,0.000219037510314696,0.000108731983504027,1
"pvalue121","hsa.mir.338",1.25963093226169,0.366339753491772,-0.0611579781483497,0.96853904247648,-0.173159444072384,0.908692246429942,0.326421921951903,0.920268465352643,0.655477352192775,0.0439673032779373,1.10112958438172,0.00132114830027463,0.481688817604645,0.202406160829864,0.380681776854302,0.185415203256088,0.560343578723827,0.0533667338103271,0.406242756843893,0.165427690070752,0.244802485923074,0.268109881470662,0.260402733344803,1
"pvalue122","hsa.mir.339",0.961288933137515,0.0622954057153788,-0.859709835388108,0.195967109926179,1.65486188229984,0.747226771839014,0.765868006786257,0.797471011754835,0.657267648676444,0.114944750756304,0.500075677162572,0.252015416157999,0.420976127361125,0.249604714442842,-0.137785293360007,0.664807957160139,0.837057929853892,0.00236981278278537,0.5137024108504,0.0788026885404625,0.0016324037871645,0.00162889710843629,0.00110084371367183,1
"pvalue123","hsa.mir.33a",1.33607773497786,0.428427067446756,-0.371779978790731,0.832821521049777,0.114251630364557,0.96744535794478,0.590541377523874,0.904665148759767,0.644349965198586,0.0912196423945186,0.451174064136031,0.300202402907186,-0.101509138088892,0.777160210453405,0.171354162724556,0.554929839537332,0.320188177089166,0.26645169138707,0.0272346470397769,0.926000740255402,0.655485091476491,0.649336929237651,0.647047998853679,1
"pvalue124","hsa.mir.340",1.84307722447531,0.649266794639584,-0.430760826426229,0.929330690037293,-0.649349762425007,0.876193226825235,-1.01241176996991,0.812681147922438,-0.138875404511812,0.689464064859528,-0.203162354021959,0.581717840896396,-0.0848981211280593,0.815410180444291,-0.251606975490596,0.355805448757791,-0.333450051249518,0.22777089594726,-0.441808723630829,0.126927938468853,0.458459077457696,0.445697091681584,0.440842235337259,1
"pvalue125","hsa.mir.342",1.58173089621973,0.631314250941775,-0.225593885305121,0.958928848890893,-1.37681484710749,0.682390217964735,1.0179011608206,0.879801515997843,-0.0674857962749163,0.874966807866462,0.336438634368662,0.408154428719228,0.0164803765080134,0.96382024029181,-0.135217117067174,0.633525877167635,-0.513357805502726,0.0900193813986922,0.225142747895514,0.398407572359949,0.0759528990860391,0.0870922947351648,0.0801788853342298,1
"pvalue126","hsa.mir.345",1.34439944271356,0.00708172652974493,0.124380586664025,0.93530664644729,-0.396165480743953,0.541798031544629,0.304483024018217,0.929250260229564,-0.20544330644753,0.49335475623642,-0.49252481231092,0.12484265159887,-0.453770060168666,0.280103531076596,-0.0619012515155478,0.820493483551411,-0.425911237559479,0.131299726192621,-0.159707963185202,0.578611237185499,0.437746254161475,0.456375435027425,0.45145706662178,1
"pvalue127","hsa.mir.34a",0.952880763215574,0.114047616919652,0.691128789504234,0.799477762672225,0.420441482294778,0.78148152505107,0.296554955277104,0.882182674825948,-0.500732308161766,0.157845466180891,-0.659572662169752,0.0616773062609638,-0.19648244266445,0.514499890896444,0.00911841902799691,0.973810587766061,-0.213950442410858,0.456482887201975,0.0114220517729285,0.966854485104124,0.832437865604868,0.840626114135458,0.839809991441793,1
"pvalue128","hsa.mir.3607",1.75174854292556,0.480679384270972,-0.534255956549623,0.854274726754773,-0.0815171806413462,0.985294205735415,-0.994570470599892,0.698276518757362,-0.558482560612283,0.206043982886389,-0.639575740107738,0.0946600519177257,-0.926516772894802,0.00467513662102014,-0.522750433266222,0.0599580031571542,-0.442794149412582,0.102602305598625,-0.984993863541814,0.000504433093464054,0.00622830720533565,0.00648796608735139,0.00487219634970077,1
"pvalue129","hsa.mir.3609",0.89166234915243,0.369019432011544,-0.293822149012081,0.785034780426127,0.924294866568941,0.829161027805409,1.2349544879459,0.823814717867981,-0.42909077952156,0.252632323286555,-0.67979594690789,0.0227280480098831,-0.787312620086012,0.0234258540287596,-0.388833501466464,0.216202295559936,-0.0632744556609377,0.824689165851876,-0.0706421542161214,0.806052077060894,0.570977048478681,0.595266878019329,0.591478061450022,1
"pvalue130","hsa.mir.361",0.755008707348162,0.145116633065389,1.09264742584016,0.698896415655416,0.0115381957999601,0.987888236966078,0.537918233170348,0.643986285747332,-0.686265029032625,0.0871447260164891,0.380857117605125,0.334414052551707,-0.615045723120153,0.0895621517325468,0.0714406807359703,0.792651601605717,0.141930081514254,0.632665838994994,-0.127829927439069,0.654871711275116,0.818200525873876,0.820954228809244,0.820129164913303,1
"pvalue131","hsa.mir.3613",1.32659012714607,0.590248276257055,-0.462066729640541,0.860751279839512,0.0635691633864379,0.985895191006446,0.303139477403123,0.94354308201848,-0.127805487108204,0.721128816883513,-0.0380403533545307,0.915808330908895,-0.0725076490358493,0.833607530774461,-0.288827984861534,0.324521601468695,-0.00661878921098395,0.980637832197633,0.0349588663512509,0.898161674011621,0.676106901732787,0.695192142336589,0.692698380057286,1
"pvalue132","hsa.mir.3614",-0.0864910438010394,0.892235192720302,1.89014046207849,0.459880426880033,1.03358463939101,0.196226924499238,1.87445987875543,0.420403171588324,-0.479389666910597,0.252238979373716,0.270895291351298,0.540448484750553,0.342737329847265,0.401725598587074,0.643178494034491,0.102128369612939,0.760707570395127,0.0602380750910307,1.10972403128973,0.00522982810805605,0.0209843587997747,0.0313554035261303,0.025406978109871,1
"pvalue133","hsa.mir.3615",1.04133826206277,0.0226463653046305,9.57333678740371,0.120906955048719,3.08431547833496,0.399947550929814,-0.529536878573696,0.410299172855534,-0.501491461706816,0.19928439629091,-0.631443029116705,0.126125006552227,-0.415078186292295,0.329570822429751,0.214183292059277,0.446823698567792,0.0401718067660765,0.89391267261441,-0.489520897976172,0.108819144385396,0.0686502219857039,0.0862785286748151,0.0792467243588637,1
"pvalue134","hsa.mir.362",0.541436707121294,0.205805609350674,1.03581151736764,0.732105601145151,0.472832003349304,0.719511908191414,2.49071669850883,0.672413182300399,0.292403702882705,0.429328849814007,0.929623314995384,0.0481366445611706,0.925590301218743,0.0090533468801941,0.559224002854277,0.0768580451191743,0.763021930436631,0.0125145928784796,1.31052595863287,1.06537322254464e-05,9.64656883769005e-05,0.0001327559856522,5.94400489383877e-05,1
"pvalue135","hsa.mir.363",0.671440275471261,0.500342605107667,0.0187798985241889,0.988159159475378,1.22982921852275,0.814287766290342,1.86096485563897,0.74413040056534,0.492274184044683,0.26438637771545,0.124791679832309,0.708070312716537,0.684931235000246,0.0822310161666167,0.307637334164453,0.33158844545381,0.528663996365932,0.0765225567666003,1.0481734380976,0.000238061058549724,0.0018747662023368,0.00160049527468024,0.00105359133723109,1
"pvalue136","hsa.mir.3651",1.60494854092892,0.605701254259402,-0.432921590560295,0.893938515432543,-0.559432064531501,0.866333220959399,-0.297208061436321,0.930506423881453,0.258552091573581,0.519295333237342,-0.0956629153792793,0.833172088486341,-0.273044245099373,0.50958800669181,-0.0157032557842625,0.954556560498114,-0.271807114887744,0.359325524723988,-0.281760982101223,0.316006017016651,0.614190488153731,0.615065745846788,0.612720628341352,1
"pvalue137","hsa.mir.3653",1.43545779748986,0.0386829949512173,-0.453591679614777,0.647131133633201,-0.648462235617943,0.740073022731334,0.424110047691668,0.895909293091759,0.0798752236975201,0.839660070805709,0.346970706760185,0.367179834458336,-0.319318859040789,0.261954503140969,-0.172575852117989,0.54352469452277,-0.0979319245086771,0.736712866613327,-0.128738670276174,0.631192499002296,0.938473655601455,0.937439418610091,0.937295131916901,1
"pvalue138","hsa.mir.365b",2.29562550716374,0.644365087386926,0.872373701024384,0.890333742481754,-1.23589106046057,0.822368277418757,-1.74732670950997,0.728959938011918,0.16618971683063,0.679146397336359,0.126191256802912,0.757990178138746,0.275712335175218,0.518179063770203,0.179061167340423,0.521574846734362,-0.29760792965367,0.270990096194401,-0.472668651777984,0.102735562215316,0.119237574634004,0.119078885958307,0.112694338793593,1
"pvalue139","hsa.mir.3677",2.20892972372491,0.610047186627956,-1.84872767727307,0.677976072042694,-1.18384058944298,0.795726480635545,-0.807114206086573,0.866061217205056,0.538990817096294,0.356531622842921,-0.0773569804570571,0.808733115471487,0.605772077420574,0.0216225384959146,-0.418847824682244,0.202608296749501,-0.423649490669238,0.123859346012047,0.117114367739256,0.648852740400971,0.117679500112947,0.123323145453542,0.117195508793886,1
"pvalue140","hsa.mir.374a",1.10342356168947,0.229208824811809,-0.066742410037747,0.957827833739162,0.0341663878831981,0.976302459847867,1.18967601913128,0.841627782702885,-0.0711817561198745,0.859390393086541,-0.0506709983031592,0.914233337721954,-0.356472655493164,0.380942211328002,-0.121463914425024,0.665227273161714,-0.0203720316656153,0.942174646680419,0.0294724247744,0.915671760826085,0.956510370379213,0.957486874901697,0.95740555340757,1
"pvalue141","hsa.mir.374b",0.86345996098568,0.0873897361434606,1.02088836125624,0.658695831650755,0.65856887547022,0.808760958954863,0.0203458267703763,0.978582144575086,-0.0232862278102707,0.96043799852777,-0.306189378739272,0.475581896035643,0.0459996506777671,0.922020615840413,0.335884934242667,0.227713035720134,0.013119503572769,0.963053397185191,0.00279067631568707,0.992464778155688,0.55489211858169,0.533155623055042,0.529242764024159,1
"pvalue142","hsa.mir.375",0.52582089303941,0.780962974494401,1.48034692158879,0.685967644750118,0.192583380787305,0.924373413873368,0.913057675380086,0.775304991661802,-0.539166937627575,0.197162483777846,-0.535635269322668,0.166138379568443,-0.51866223977346,0.15780267890767,0.288319236377971,0.397318068062371,-0.206486613172771,0.579772445941598,0.112179947518956,0.752745202644639,0.308070001852084,0.322591344478528,0.316119893611834,1
"pvalue143","hsa.mir.378a",0.763251016416846,0.40126160085671,0.856991018862181,0.794661352484842,0.920204455925164,0.756360425432646,0.717122052556472,0.703157494469386,-0.387140271713488,0.269840534564487,-0.075881000809416,0.836997975828309,-0.303399899664837,0.407026445626813,0.130658679687487,0.644901690300468,0.345769543741817,0.227815762432839,0.110725424580328,0.699190335696164,0.682732767374147,0.673743647690683,0.671463669652548,1
"pvalue144","hsa.mir.378c",1.12162130014213,0.0136273509349951,-0.504932411898879,0.464464018842593,0.166532065508557,0.934334925848639,13.8926576826936,0.0113938451629085,0.20566574051726,0.508699308060021,-0.0958807995753454,0.798086405054704,-0.685478576158159,0.0611022376645181,-0.186412866879248,0.520456066044683,0.0217100852147476,0.938916429333444,0.0249156018288844,0.927238767703519,0.866020294663753,0.872026293792116,0.871469923089349,1
"pvalue145","hsa.mir.3922",0.923971343720608,0.599730045704458,1.00996569488929,0.782440342452263,0.0526096778925286,0.983681449516234,0.154146205754678,0.952455387258437,-0.14015064826405,0.72655724179282,-0.14392508599355,0.740714784674869,-0.444624120289053,0.293807649179487,0.252035631012505,0.407087809404523,-0.0458475144448372,0.889545356487495,-0.199599499070235,0.552006239824407,0.366327542232864,0.363736955245974,0.3583229232067,1
"pvalue146","hsa.mir.3928",0.490610957811998,0.206413064857679,6.00664068363995,0.34382038570755,1.14804063970975,0.717594113920662,0.815029233519099,0.643177614239736,-0.560975643510406,0.172071243858567,0.157636837315417,0.696201256160625,-0.028197167377671,0.935534791910288,0.406910026643123,0.182346580073404,0.617638227838479,0.0433181714550578,0.380508389746759,0.19192479112053,0.227403330708042,0.247310690051251,0.239215706431673,1
"pvalue147","hsa.mir.421",1.23414946993167,0.113413696577257,0.148157293041402,0.902350236563409,-0.0571121884204746,0.981686962520606,0.0966252970780589,0.958824570908132,-0.264733997026892,0.488794337830531,-0.347428880049866,0.425038517950615,-0.390955782576032,0.257628969854644,-0.0681177036253212,0.826204171183382,-0.159233294588477,0.62874985832706,-0.177637626915213,0.58150691041925,0.936308099558807,0.935542408874106,0.935396591658481,1
"pvalue148","hsa.mir.423",0.904300931839006,0.478460245372071,0.409586494755998,0.784405044778277,0.70473301589726,0.820988193221882,0.57291572909146,0.871612353750125,0.511198454310287,0.110191658770354,-0.137571082434656,0.677869286007235,-0.188242140698828,0.628293600423236,0.453761841739227,0.104558759454054,0.189729609968053,0.503534476247755,0.122411214423451,0.67898353982353,0.425135726553558,0.411830444891836,0.40659261298252,1
"pvalue149","hsa.mir.424",1.28844579713617,0.525553050269219,0.492949532921169,0.914331181883657,5.06729983643091,0.423345089443396,-0.775412883212295,0.714223595250014,-0.404845432531473,0.248052633946851,-0.436552701162257,0.241718444077425,-0.0784746421050166,0.842549734308726,-0.118577924052815,0.674088379856438,0.155519067069267,0.584354022093716,-0.427465768429778,0.154323984652889,0.223872998517326,0.237240799839307,0.230124357945566,1
"pvalue150","hsa.mir.425",1.63430073421618,0.536876746042364,-0.166521788127158,0.957880136236668,-1.17092144523865,0.667447956665138,0.0636235535672505,0.989012057905239,-0.475680541793612,0.21298629933332,-0.0536750285854033,0.873049377658171,-0.308510778424169,0.425868741456952,-0.312600802120384,0.24992219851529,-0.577512698144269,0.0493349837678005,-0.187817018770705,0.483799057864618,0.243018436252007,0.254017370727787,0.246710525167639,1
"pvalue151","hsa.mir.4326",1.42846541746703,0.564125149149759,-0.589688145928317,0.82155624681894,-0.124884322055921,0.95762139641603,-0.00941748985897541,0.997159624231124,0.37862631603145,0.284511504469273,0.0597941919272242,0.86068173423602,0.456419382481015,0.158794522435324,-0.0201882218109716,0.947947768439095,-0.0278362602113373,0.920939937175774,0.278025638509198,0.301584664406387,0.619662914266899,0.604420396105712,0.601568775462407,1
"pvalue152","hsa.mir.451a",1.09246119163382,0.721562687038177,-0.188622918398712,0.95330815088293,0.307157593932972,0.944506007003067,0.737946515401712,0.877157500035767,0.102575171267115,0.789668338977341,0.283260064308831,0.465271574701729,0.527387365969322,0.135748985599436,-0.0119750390072888,0.969128671812226,0.312401414156638,0.290039396599132,0.580694644990115,0.0430521989782737,0.106968837009493,0.101675901830408,0.095568158253146,1
"pvalue153","hsa.mir.4521",1.5912742837875,0.26577211778148,-0.182006737351604,0.908452989805736,-0.722418959997038,0.738842970209327,-0.218506865205004,0.910461088932825,-0.535450868379993,0.13543326554238,-0.487718286933,0.221314397616771,-0.577945548413938,0.0729210096240668,-0.32522659547408,0.244948804784548,-0.530189021193571,0.0812197669427101,-0.411013517371184,0.141173936683725,0.338738879141124,0.316954748745386,0.310146566221368,1
"pvalue154","hsa.mir.454",1.56197134630696,0.718884634768907,-0.40821400921966,0.9270526864473,-0.252587299334211,0.954809377907624,-0.33842694643805,0.938136459989208,0.133443602182759,0.706699283481207,0.269450854054891,0.488789907751599,-0.04190021585124,0.910726700330891,-0.0806456959546207,0.771625855590809,0.0716219655720524,0.79479110427443,-0.179230831044785,0.532908309448187,0.840081704861394,0.84157641522874,0.840914913715746,1
"pvalue155","hsa.mir.455",6.1096656486471,0.268879623046936,-4.73763306119431,0.430774968653329,-4.84375324731093,0.384054630373241,-5.29897346338045,0.349060261586128,0.166450901002308,0.630863713317196,0.557979931576662,0.102167832259743,0.809988226324931,0.0167576970100902,-0.248398488247124,0.385909646892299,-0.0326590038068973,0.908286431352978,-0.133041044915572,0.636124318043384,0.818489801847538,0.821517676373221,0.820728214698579,1
"pvalue156","hsa.mir.4661",0.735815668824057,0.726203872051538,0.25098452271361,0.900854822159822,0.522113518235888,0.848329326872793,4.71903760429634,0.391494285803094,0.114166881156639,0.81806509680403,-0.130628409000439,0.804787059707684,-0.387143023193605,0.487074515662963,0.185033435376416,0.582141234500736,0.156267984524882,0.663691556925528,0.359519363249716,0.290189546050922,0.724464774436944,0.725683212247581,0.723909591547015,1
"pvalue157","hsa.mir.4662a",1.15645516150506,0.608789154729658,-0.388033685032245,0.864031149219816,0.736557671339309,0.867193620104633,0.398751472654983,0.926321785148714,0.172646932485485,0.669773037858798,-0.0885896515582647,0.797336471514097,0.201900172695786,0.601259690869698,-0.0627853140800013,0.838587600682148,0.211643347066348,0.486340124710104,0.260190531719984,0.409311408493997,0.594148206059995,0.596927345552558,0.594370142286435,1
"pvalue158","hsa.mir.4668",1.51074698235743,0.590190106234043,-0.177419438862426,0.95237755392612,-0.558695863009709,0.85466048668819,-0.0858605632785178,0.982118299203584,0.0824612220691403,0.817284710191517,-0.0641535177160802,0.882431573741044,0.156666409566192,0.690840213933629,-0.0632253605278285,0.820983188309596,-0.283731432501984,0.336208651537281,0.0511223204264927,0.859795889688098,0.663588858906555,0.676004885714046,0.673654445198903,1
"pvalue159","hsa.mir.4677",1.31208710513802,0.430957697469812,0.0940454621683945,0.966574119064747,0.916377674209223,0.865367082339429,-0.674678658462195,0.714704806026424,0.147653478392431,0.64601141376989,0.0261757107973845,0.938051183658108,0.00380907504129262,0.992109263642433,0.161469112164009,0.556018436726462,0.262958840828399,0.354221895683086,-0.290448658918565,0.338648081579537,0.25527747794395,0.275377853330126,0.268162177146342,1
"pvalue160","hsa.mir.4746",1.48103333131056,0.588359230781947,-0.29726514016367,0.937852329001426,-0.485183549491851,0.869479559102198,0.0768201758416621,0.984765722484111,0.0333725664855825,0.935440084201473,0.165903004544091,0.652349845213522,0.276327912716421,0.368484732221053,-0.0871378726757429,0.766811323404334,-0.070312646450381,0.800244510293974,0.173872747210949,0.527199250761195,0.786953746615368,0.779949011897896,0.778795569690268,1
"pvalue161","hsa.mir.4772",0.488742586356691,0.636721946823958,1.13870018491063,0.766923894672425,0.955061071372736,0.757014624384817,1.12551828843396,0.688499919770909,-0.044352514975242,0.901703581251065,-0.00927735605336988,0.980585994878845,0.197633543639606,0.51822583939829,0.482697152542468,0.108612216533118,0.45096693248754,0.149272417149215,0.598104748661366,0.0467676650217182,0.20374613389452,0.239637476236128,0.230452867661391,1
"pvalue162","hsa.mir.484",1.17325664986027,0.488399622405415,0.152450292496108,0.956900496703935,0.0441620252406803,0.985484424732686,0.321065078714503,0.920355860590592,0.0381251324957717,0.922144603905393,0.0966171193880578,0.821680654750599,0.0911543528319626,0.838643869319589,0.0260300557406886,0.927591103861091,0.0452119817670086,0.869581499095695,0.137801257345608,0.634003931745126,0.969232736614689,0.968550988657482,0.968500720012129,1
"pvalue163","hsa.mir.486.1",1.6360816951526,0.598481541821877,-0.745762181071741,0.815494643444663,0.302665814691278,0.941517863763757,-0.565472766568143,0.860177516304431,0.262896803647822,0.558855717175727,0.815048344396369,0.0126164850002883,0.28136920018751,0.486442083003163,-0.0791259549169929,0.797998525932332,0.619529493085667,0.0267484627833516,0.0372884350405898,0.899981404503306,0.0419224344757774,0.0312211189007235,0.0272821046285895,1
"pvalue164","hsa.mir.491",1.11442606899902,0.639803591261384,1.58959230683286,0.826739038246363,-0.120562273813249,0.960964265030466,-0.258825564373394,0.919190295370028,-0.427065553243908,0.28116296065681,0.401221115881401,0.268541444374162,-0.334932964713897,0.409419160966876,0.12845885129431,0.641797820637869,0.0990240488167938,0.72968823186901,-0.292829969127119,0.322459238765845,0.435253819182826,0.459592685539857,0.454308591772086,1
"pvalue165","hsa.mir.5000",0.719237876035925,0.701293474785419,0.606339115544891,0.90752569241123,0.69218189196712,0.737984054322067,0.779653970139916,0.688669857863725,-0.131448557524216,0.794834818147804,-0.0620742256118906,0.893241634904294,-0.156236835526498,0.700753218789065,0.175948971520244,0.626209459719176,0.266012029224645,0.370801775249521,0.210370319314279,0.477349231305053,0.835403873428029,0.843243885290115,0.842380381746139,1
"pvalue166","hsa.mir.500b",0.58168701539384,0.571818913915599,0.0467294329653249,0.975474354079805,1.06028927102915,0.778399546478313,2.09513370150528,0.738362366941023,0.164240497845597,0.691117339560653,0.327725869466782,0.35405119998143,0.722736423788786,0.0190149413999268,0.154373337971285,0.645697667966006,0.676745845503972,0.0291636352986273,1.16081747507264,0.000160876224627561,0.000197737284839573,0.000189333130692741,9.51352310124679e-05,1
"pvalue167","hsa.mir.502",0.371109586406121,0.609452499921126,0.0380502194156023,0.976715510545004,1.87869313566434,0.723203263897937,2.38181113481452,0.689928007317325,0.518437156264931,0.165433465492249,0.354572026635766,0.381070532496681,0.707175732271017,0.0304683828879486,0.302588146198631,0.402601190889677,0.958483972262271,0.00112201243203397,1.25408094329701,3.8398051091569e-05,4.31255961351731e-05,0.00010160936376835,4.30220771822677e-05,1
"pvalue168","hsa.mir.503",9.6064398302336,0.0962824228437484,-8.20612213729314,0.204242406279898,-7.99120904277218,0.233500021878206,-8.98006050954284,0.120990205812526,0.615053994697194,0.103189422223825,0.229783900376392,0.485261527042796,0.899983876068981,0.0345197694367143,0.0984129285137514,0.744737881518945,-0.0833705399767837,0.786695404749231,-0.134416274380559,0.674168538005746,0.837388417119305,0.835390497782579,0.834738644085915,1
"pvalue169","hsa.mir.505",0.995431914842858,0.29355135065658,-0.0775214621754977,0.954117726319339,0.696023569782375,0.856050348192347,0.666677327585953,0.781713290713811,-0.184113736674274,0.66682199473038,-0.102511400892479,0.79593901562176,0.0136764101345398,0.96423446807246,-0.109495077980693,0.708340996691208,0.190955939399266,0.504485866289353,0.252488003978519,0.364722162306594,0.548760982120605,0.552458721595933,0.549220570368913,1
"pvalue170","hsa.mir.509.2",1.58401587031014,0.762887737433125,-0.391508818581495,0.942812103280991,-0.296664119619277,0.956072854316641,-0.435453492513713,0.936402428147854,0.00957189177757924,0.981295447040669,0.388701210991901,0.119050654436381,0.160573965540401,0.682203497560972,-0.131110300003306,0.699513657928846,0.141386732977029,0.616703672265539,-0.00242492929670451,0.993513192622496,0.819751958046209,0.821098687346308,0.820258214872711,1
"pvalue171","hsa.mir.509.3",1.74410403122709,0.783457668882895,-0.155353077459849,0.982101688215415,-0.901432117408209,0.89467336612227,-0.654897809536244,0.92305583631849,0.82234240618279,0.0297123655990066,0.520395048128362,0.256134876065594,0.586086490454902,0.144970018123697,0.523734322891934,0.0969905992373116,0.0282603452431164,0.941670316806422,0.215517724532376,0.494796205187997,0.243882269268321,0.239697960514916,0.233244519834744,1
"pvalue172","hsa.mir.511",2.25132847679916,0.744500613462471,-1.72424999439375,0.803468052696053,-1.11049176459882,0.873868045816839,-0.625239866351855,0.935216657889494,1.21355391435164,0.00768915368749812,0.649714534380185,0.0463337123367185,0.773823047570323,0.0245977954958543,0.00921729108637485,0.978505355461666,0.0899709386126963,0.746079261078254,0.351494854858031,0.231564611508239,0.594517492116411,0.579310982034101,0.576071296240779,1
"pvalue173","hsa.mir.532",0.713967544696122,0.582574794040582,0.0816655483471852,0.969164261904684,0.569453401842344,0.805203277172142,1.79956558626166,0.737770036935368,0.292997290842785,0.564109483061883,0.812913327927721,0.0397074350965403,1.01758200295195,0.00020710055276485,0.295931437381913,0.358076096537526,0.778116770716214,0.0108473611566509,1.23961209513214,2.79722125803162e-05,8.68978026494643e-05,9.46084691330038e-05,4.19038147931132e-05,1
"pvalue174","hsa.mir.550a.1",1.80247635881862,0.638990456967998,-0.787417639971637,0.842289378111118,-0.225473597388597,0.965613972278784,-0.97182018089804,0.807754360864252,0.142298266231854,0.669681505646899,-0.177529264080202,0.639473178182558,-0.301979103397267,0.41675446651889,-0.183612758125681,0.506677627805648,-0.126084334002252,0.638182407757961,-0.522549052157497,0.079851043891802,0.335081321133695,0.361989360046109,0.354927453954585,1
"pvalue175","hsa.mir.550a.2",15.782502396618,0.00196287688463403,-15.3619813593055,0.0028446469523332,-13.6159346931408,0.0614893815737576,-14.9874044642758,0.00341664917407611,0.0339521289061602,0.919816836939592,0.409921089422497,0.0852845237818345,-0.178772882868224,0.626566633652417,-0.815372056553338,0.00673392135261406,0.126951309511296,0.627132507690611,-0.700532149106009,0.0148336993900768,0.00135189221618227,0.0016295061463372,0.00114193009445502,1
"pvalue176","hsa.mir.550a.3",1.56939281661702,0.577973843996177,-0.217232742266408,0.954856716173845,2.15507171664965,0.698486270939918,-0.82524227877106,0.786060091340579,-0.123334262967499,0.697234898273745,-0.534446959053136,0.164555460113126,-0.359467354740328,0.26403966870083,-0.116744929973739,0.669110393064683,-0.0799959852552596,0.779780095368382,-0.521745640859817,0.0625792262821875,0.239246286940671,0.266394104525265,0.259051934288923,1
"pvalue177","hsa.mir.551a",1.59647829676859,0.354231612446866,0.120880574940159,0.97670256764634,0.346306227390666,0.918611756000733,-1.02024507930367,0.568262209935371,-0.683889123920497,0.0299372238902607,-0.606538444087651,0.135661269864233,-0.669197325268234,0.0530296506235268,-0.376130046813796,0.165426340549019,-0.29001060147642,0.304649581228819,-0.818245603457505,0.00464084865542939,0.0388018633077909,0.0441048117672196,0.0390850291625262,1
"pvalue178","hsa.mir.574",1.70570896882876,0.648850340331296,1.10074554351711,0.889919534972589,-0.272817530551021,0.950076410581808,-1.46814835363866,0.69809666159103,0.175389234776709,0.557139394264207,0.131562249784123,0.751904241847297,0.690276922832888,0.0125322602940741,0.326192068403831,0.222397842293808,-0.00618229805606055,0.983148809050129,-0.357442900132806,0.229660290991383,0.111661657863384,0.115472105748725,0.108494210187208,1
"pvalue179","hsa.mir.576",1.6008509905317,0.601578556722364,0.104904310715084,0.980469625018015,-0.655952858086999,0.834653534577088,-0.408111410987269,0.902384147951278,0.18840528444064,0.644876029566505,0.0335358778675533,0.933937863165218,0.174437856988189,0.659376999862021,0.142913239831495,0.610852941807812,-0.246433263750959,0.380963511804931,-0.0635367514451852,0.822534685026183,0.57990868799034,0.583101288890797,0.579843996383258,1
"pvalue180","hsa.mir.577",1.10020314784655,0.538033295895924,0.153763377340002,0.946675555099242,0.957561774728293,0.826818887551584,0.0246981792053286,0.99284988412035,-0.280451870071093,0.493563873184568,-0.491866231866942,0.115938394982503,0.0441848871038229,0.884535942503167,-0.0792847490540132,0.787755208289673,-0.0669004475464665,0.821379549439741,0.0194810332228444,0.94627180969798,0.98020780756061,0.980166268952695,0.980148206353051,1
"pvalue181","hsa.mir.582",1.04951562071111,0.256439524360962,-0.33068213945224,0.770536724576085,1.03809413572991,0.788093688043279,0.671360449045688,0.823138531125027,0.227739999149751,0.558963576917067,-0.0238900925813757,0.936572341844652,0.231880447956075,0.532138992294544,0.0134584367751562,0.964520105812003,0.309387009573115,0.268298697988979,0.405198094013694,0.154788784047872,0.375511950216426,0.376837180167629,0.371957906827665,1
"pvalue182","hsa.mir.584",0.335676041373037,0.416726695987424,0.911924438385262,0.706356084040421,2.42769621217771,0.736506192694509,1.14695340290317,0.644453851749936,0.111637765238565,0.760171058484472,0.0601670181563738,0.84654784570723,-0.251344708635626,0.418648218412984,0.544704800682602,0.0736924355282204,0.847865280881675,0.00440623633723629,0.39494713033595,0.205586282939774,0.0320826420642407,0.0369429898614847,0.0320590389186845,1
"pvalue183","hsa.mir.589",0.935772889024178,0.00912831147382986,0.849061550749355,0.825565995768784,0.397483322602544,0.916870656589113,0.440800094352344,0.486821140214682,-0.452180815136652,0.289314233895887,-0.301040474360385,0.453472425409304,0.0559485664480868,0.84378104172276,0.0732631991203685,0.797906162185117,0.00778941427390262,0.978512744998284,0.194419821467128,0.480567056634783,0.889531032351929,0.886974947067185,0.886602204086605,1
"pvalue184","hsa.mir.590",0.859943415902089,0.0557509476032194,0.0574802250731242,0.972434099510433,1.27923759598892,0.76611543879433,0.96133534573176,0.81629326374556,-0.0263887458005866,0.949130282179942,-0.388523665803025,0.219622463453441,-0.422846558793769,0.191234758101545,0.0220849040363998,0.938817751699883,0.138550325832455,0.618021499079533,0.0805196743008756,0.778310419094714,0.96055949661038,0.960260864303283,0.960198144040053,1
"pvalue185","hsa.mir.598",1.05432155987286,0.633961293532367,-0.456694445754927,0.84366894192275,0.23149299683002,0.920790354152632,11.8610679273272,0.0938398259588347,0.154003963255459,0.693142516062147,0.439185143503168,0.229723485354729,-0.111169278441746,0.758080926154531,-0.114908006885902,0.726969588581041,0.354384069848811,0.253241690606216,0.477120281454593,0.119381901520798,0.111115987277627,0.118945786106884,0.112588830051198,1
"pvalue186","hsa.mir.616",2.48719079772233,0.654088778402727,-1.69005867098939,0.76503281779644,-1.38333708215076,0.799931670276013,-1.28543786187508,0.818171826790968,0.277673652403405,0.511395213794845,0.329397719788001,0.248770581173184,0.0314277639154913,0.91895545638908,-0.302581096517978,0.283681732194124,-0.183495997114279,0.509444366402863,-0.310812008479769,0.252702464354569,0.644119763585222,0.635462932078513,0.633036543929062,1
"pvalue187","hsa.mir.624",0.751464996449638,0.0842102495008872,0.785417722821401,0.825713352158788,0.562608326387012,0.786067273515298,0.842071635570908,0.798948231626414,-0.592641604960847,0.092367480002957,0.0703088377102429,0.812058882561478,-0.244438705592268,0.435726436350936,0.0199483750915789,0.944987143713882,0.321030481629262,0.263541774768695,0.235410530077399,0.411549787851645,0.600626821676398,0.598476976676354,0.595881750871395,1
"pvalue188","hsa.mir.625",1.07357879249272,0.0196620857179319,0.453911720870422,0.874674577819492,0.71510165619348,0.865816085289232,-0.177458109015177,0.808577820347667,-0.517355243108499,0.112161046572538,-0.474306566396088,0.1145341930453,-0.487145523004676,0.0935999380751955,-0.129025543152083,0.645687698288558,-0.023809930106729,0.931643860515268,-0.350535810147881,0.22159464310608,0.594013368445194,0.608846498022034,0.605759204052806,1
"pvalue189","hsa.mir.627",0.865333414800367,0.0435143524916941,1.03583301875969,0.750259162873487,-0.493277767023508,0.443023553859729,0.723977493903256,0.803691769426652,-0.925369024176957,0.00193914041056723,-0.221830511012355,0.509979780662245,-0.768947664430641,0.0280899128649771,-0.0971686347031998,0.72672422693911,-0.397051814061205,0.217276102105931,-0.109007965512346,0.708145013708523,0.621308776869549,0.641455167814364,0.638172036412785,1
"pvalue190","hsa.mir.628",1.56962119257222,0.566851694868138,-0.16746523521244,0.963720873388267,-0.651622135003354,0.814739114243314,-0.223120295706689,0.948437234164121,0.257391837847738,0.508473641409407,0.325837834248378,0.322829820182406,-0.0036632470994613,0.991354984762,0.129479242907393,0.641001728942933,-0.0685393917446059,0.809483689297669,-0.0921467396005972,0.740366567949752,0.868966660186266,0.865606355150147,0.865091735070116,1
"pvalue191","hsa.mir.629",1.50591881545258,0.581934545031522,-0.438359953079468,0.902200464177021,-0.64439366247099,0.8189629407271,0.994931050619623,0.890404488910448,0.502577868176634,0.243830788353778,0.79145750204291,0.0377243476316911,0.201620341999515,0.532013247678558,0.223358446008188,0.451696609299446,0.220520574964238,0.462798544260113,0.380380031382327,0.181634062193694,0.610587498175164,0.618332622256741,0.615300429687224,1
"pvalue192","hsa.mir.642a",1.48069990197916,0.570345210201127,-0.803865187015373,0.771474433698011,-0.238271527026939,0.939041175163594,0.424851365825965,0.910581836295032,-0.23994984201221,0.635292927404005,-0.383916198479142,0.337715505271955,0.121334750945497,0.728456210518011,-0.478643565994686,0.123134359835224,-0.315976640872559,0.262625106749536,0.178995802493372,0.519642276668423,0.0915521496095238,0.0912096066182588,0.0853130574658231,1
"pvalue193","hsa.mir.6503",0.691863015515473,0.541504405026016,0.369778419342398,0.868890228620612,1.14434045736079,0.765356562478525,0.846917192378777,0.685288789982365,0.159208771860168,0.690910675983563,0.38575198064989,0.391705595968511,0.590543979872968,0.150904458338221,0.279257615395327,0.394562710741378,0.688809040570751,0.0359478942060378,0.702180533589787,0.030465608616843,0.0626152751224022,0.0732004183042876,0.0671228449211373,1
"pvalue194","hsa.mir.651",0.404015128544673,0.218868746092437,16.1207721175143,0.00684065331188832,1.42216289645493,0.68525588476721,0.403829812859779,0.57416454667022,-0.653708358152919,0.0133990743025038,-0.486707950554142,0.0739235605972516,-0.404030253673848,0.273657844814083,0.546331839333529,0.0567219385798057,0.381332248860721,0.181596277977047,0.0740813897204198,0.806042244333195,0.18247882482158,0.181660189734215,0.175276738888196,1
"pvalue195","hsa.mir.652",1.78132053646537,0.604898158453959,-1.18745209885469,0.736098965429396,-0.860702123044161,0.809673937326052,0.133643480618363,0.980506993687619,0.0515659925140288,0.899715363025786,0.323336672922088,0.353647012558712,-0.302002951295432,0.375983778594243,-0.459457381177665,0.112342749890785,-0.1550400243682,0.571584946331591,-0.180495991466084,0.500956101351612,0.452960536650087,0.469080949122604,0.463922948432486,1
"pvalue196","hsa.mir.659",1.88434382803589,0.654371953017943,-1.08117599273472,0.814138486912289,-0.148667096075542,0.978645328403923,-0.785116708559126,0.855082841212705,0.292090372085882,0.642503506940046,0.178944146038868,0.603887564363424,0.57728062875526,0.0626496676662278,-0.12504099395884,0.704487391045895,0.0982938248864606,0.730433663816673,0.109528531620094,0.689516463972953,0.862006112285488,0.867150476626045,0.866563071534215,1
"pvalue197","hsa.mir.660",1.20103662578215,0.522025466500193,-0.863192572651959,0.720563916110775,-0.411882690863404,0.851334937915565,14.7080064481182,0.0320399405668825,0.711796388888272,0.187412041261874,0.78245561512164,0.0811931767786183,0.864465816972259,0.00296142006427513,0.0148836469373442,0.962547751156348,0.312726626098087,0.295980777670578,1.13843933755703,5.4736686903011e-05,8.68240462998501e-05,3.81708298214349e-05,1.45434689895692e-05,1
"pvalue198","hsa.mir.664a",0.775470463971689,0.18714995595748,1.09381526465258,0.738212995084619,0.591669574193834,0.63177612195063,0.226297611359301,0.824239501156401,-0.433290601830148,0.210791828921753,0.0886748511460241,0.817539460276079,-0.374676312805952,0.275245466197871,0.177717664872259,0.524041332637175,0.305965671557703,0.28023342974338,-0.111966980299603,0.705030378082067,0.47659469847896,0.476884559469095,0.472667863437459,1
"pvalue199","hsa.mir.664b",1.48360608295732,0.60442961182581,0.337760123134804,0.951796238557112,-0.780320165773166,0.791189246938243,-0.138530984402479,0.97424154943338,-0.247180528122901,0.544518563287588,-0.156410287595084,0.729003705074783,-0.733139072002546,0.0689915436338789,-0.0686010892002467,0.803342648355839,-0.462762204520783,0.103025501154143,-0.514054329280063,0.0796105084124303,0.165593030528136,0.165544262963364,0.15949952015824,1
"pvalue200","hsa.mir.671",1.40328511920939,0.478430738619443,0.643100518619668,0.889303709305991,-0.294878009509347,0.897288753472436,-0.520514912745819,0.799514417333927,-0.11944898770447,0.759568260315226,-0.226524890929395,0.486597100576611,-0.0581829677604203,0.85878291690296,0.16652323429071,0.537504301559827,-0.253390187660544,0.390983061139819,-0.232273790818813,0.404872172184332,0.395948310642784,0.390051726155833,0.385024169903695,1
"pvalue201","hsa.mir.6718",1.32709012171416,0.611777805842409,0.27499415227212,0.949506485289847,-0.510465952348393,0.851182327775665,-0.0610671993593082,0.982118921388028,0.155827180737795,0.64450109311079,0.495576664535918,0.259484901850738,0.673084714744372,0.0716286302346905,0.228293067773473,0.422738663654049,0.119261045844613,0.696207203083278,0.406187412155923,0.16372556141175,0.546412170628789,0.543765740265464,0.540128567567861,1
"pvalue202","hsa.mir.6842",0.725067481469025,0.0508876928758732,9.0956362630847,0.195102357178376,0.0200745159950315,0.9816407900074,1.11389625024074,0.768489306175975,-0.402203323367763,0.409621737933145,-0.0143821084989839,0.973521352372654,-0.0269173018028664,0.947279499344471,0.399675606077707,0.183366876449369,-0.0208114512706023,0.943854233084563,0.384890959509805,0.161958228552133,0.264860832869917,0.266882110258289,0.26126829422013,1
"pvalue203","hsa.mir.6892",2.12681107972191,0.688806303670003,-0.613981014356053,0.908737121571202,-1.28773733913044,0.817838681923411,-1.07220793421398,0.845510270870751,0.284518993642778,0.374041694993184,0.135126199805452,0.734785261107227,0.313121542016542,0.380047115711533,0.0191263665179801,0.944643846426563,-0.325082253156238,0.271343158589787,-0.145495185069412,0.622233026841003,0.587227526482382,0.598772647918016,0.595741660642678,1
"pvalue204","hsa.mir.7.1",1.27685130150852,0.254324890891832,0.306060212343702,0.903553857643862,0.0549661964216227,0.983884092291938,-0.132019016107186,0.947520362388836,-0.317976141242707,0.3825880738927,0.0866339983049547,0.788254596408264,-0.0140210632508864,0.968807106880253,-0.15214889635177,0.603265314886211,0.0370036341700857,0.895321374843692,-0.0745116011593808,0.79294436845678,0.914682424415625,0.915545572556164,0.91531848801831,1
"pvalue205","hsa.mir.708",1.74483901043828,0.548225988524302,-0.96301288386843,0.770514080333142,-0.76637630846658,0.797313271883506,0.0354621391063291,0.99388807497095,-0.377714721880742,0.398339136900772,0.263968899789922,0.384796717117498,-0.0177677518911418,0.953195966131882,-0.571288631416977,0.0567207868430805,-0.182503491919819,0.511307641766324,-0.0369524555101944,0.890364809748294,0.195901376888482,0.22722919704674,0.218603412101646,1
"pvalue206","hsa.mir.744",0.952134533351404,0.236301562205939,1.53631576243869,0.791345630059569,0.422796917266583,0.834577605066388,-0.166596151388038,0.889976570414289,-0.517125459429263,0.116515074141767,-0.107893149635198,0.726997035198753,-0.371784491308772,0.304149968396443,0.103738966501769,0.714439439767113,0.128265279198891,0.645866734890624,-0.283821712773835,0.338004968986584,0.453225511366704,0.476570309192413,0.471534220517204,1
"pvalue207","hsa.mir.766",1.67631973213084,0.561905799942402,-0.603670888198603,0.841713449909627,0.0197934649687356,0.995980449732043,-0.721263174477937,0.814344238573094,-0.0733848577669416,0.839562112699399,-0.330919695886679,0.305724915805209,-0.378877196932265,0.334517125592211,-0.254598158854825,0.355315753279787,-0.228974940276304,0.410944401429999,-0.461265350778368,0.102662151503414,0.441990540295008,0.4400214686606,0.435003475325613,1
"pvalue208","hsa.mir.769",0.490220064402362,0.209012943286485,0.818091793244782,0.585620847487906,1.74635364296101,0.752331494964127,1.21517007984661,0.783418063977395,-0.0169354458274537,0.966850421779041,-0.244062970243131,0.455614689335389,-0.240645759398401,0.417379418280851,0.409313073003697,0.171950399067974,0.513278571784218,0.0743298144610295,0.368308354703671,0.210484316335043,0.304612545691021,0.333157538338621,0.325940496317101,1
"pvalue209","hsa.mir.874",0.441339564302534,0.379849299770764,2.02913270313882,0.564729546939845,1.17594932553268,0.658662703101973,1.26737831588727,0.712836017562454,0.0874703055920909,0.82112508963868,0.191546293590069,0.602113915444134,0.027968592640279,0.940396499456873,0.744144142795471,0.0113371561010582,0.604722694642567,0.0419983519751396,0.571749615878079,0.0499963083488674,0.0489004147014124,0.067536076419863,0.0606567295654466,1
"pvalue210","hsa.mir.877",1.02963834888752,0.223834876563225,0.364374630607748,0.845679971914175,0.0675797145723274,0.960636149296331,0.499424793125026,0.873208468946362,0.851219701891717,0.0222712884937937,0.426660595292471,0.277908297110618,0.719794497978561,0.0949902489244281,0.580179597117384,0.0616042838546736,0.231624524649747,0.437910986826693,0.591780827626349,0.0394789611741643,0.118520686926996,0.12728814234279,0.120792409137984,1
"pvalue211","hsa.mir.9.3",0.794725933567637,0.252768631174928,1.03892596978264,0.770030961623779,0.837827182033028,0.795638479993199,0.280250439845088,0.796192907282312,0.746053855414343,0.0317337094854819,0.358140682063099,0.334420885137582,0.594630218245991,0.127051045875027,0.859402414560091,0.00415293708074203,0.544074723420455,0.0719543652053219,0.495136653770421,0.0989057656205491,0.0336342876457269,0.0411442704908036,0.0358168534008636,1
"pvalue212","hsa.mir.92a.1",0.619817425964317,0.124879652544818,0.648901286289311,0.73885876290094,0.896370076397233,0.663114921292377,4.13561909616242,0.384573156402443,-0.0133066270257876,0.975002291306339,-0.114343484202544,0.784331247087853,-0.183945775919583,0.669797864581665,0.297893474149741,0.310163542668996,0.290881721937073,0.317855989077165,0.536867348866638,0.0698585994560064,0.341143363913929,0.349362146617393,0.342868576814809,1
"pvalue213","hsa.mir.92b",2.58077129849746,0.661754973083238,-1.43830594828893,0.824003110294379,-1.73756847982347,0.76799011235533,-1.69460625207819,0.773339559314968,0.00906458808069278,0.978584127551799,0.329416739348736,0.229339457146794,0.302273101231804,0.40450358191766,-0.360583782103975,0.179203377251861,-0.337696311374022,0.242739035486792,-0.305905791023671,0.264549946641816,0.515225501906372,0.495123895920887,0.490909698342036,1
"pvalue214","hsa.mir.93",0.947937703826957,0.153476090390458,0.849895900244445,0.839023729238112,0.82768494032471,0.829281447558793,-0.160722817268632,0.882077970406076,-0.25037878045896,0.505156737655125,-0.236797716894769,0.494937590053867,-0.410082548057008,0.253966928004551,0.22433444583028,0.420028172175999,0.155058917712161,0.573102964829442,-0.313700512611663,0.285865664373812,0.251358575997201,0.273591184780848,0.266181788768851,1
"pvalue215","hsa.mir.940",1.32847772857102,0.00432012909347956,-0.533230397622462,0.664515364722716,7.60960093461191,0.185002272100725,-0.30775920711865,0.846599499111675,-0.754998804194759,0.0441663554607155,-1.06691304077814,0.00093836151147399,-0.2258517455424,0.523424353897186,-0.647091527469226,0.0399630016725088,-0.25692049260478,0.335402744833407,-0.211493345549919,0.456462362371338,0.212727477418551,0.234326422811664,0.22570953906017,1
"pvalue216","hsa.mir.942",2.62634870621349,0.689304060266109,-1.96422319970247,0.770253482178245,-2.10225802085922,0.750123137168101,-0.966719275471005,0.901659070785215,0.183055129850571,0.618114486104813,0.411158382754906,0.242868282050291,0.108189609171333,0.745807826120159,-0.500857485159691,0.0889433100625512,-0.437920363357368,0.12981108336809,-0.137442874249241,0.592209249645976,0.247546509302589,0.252838513836235,0.2466145378086,1
"pvalue217","hsa.mir.98",1.87956320070101,0.66255517282061,-0.27038128952123,0.958899795584018,-0.735882719854944,0.866760111642204,-1.05864330509831,0.806857622890362,0.36517458331144,0.327198570494886,0.106920310723885,0.754642306247675,0.208816745486829,0.577139515594913,0.161545663965158,0.546902872034532,-0.17679977848026,0.538740438662354,-0.247838971366159,0.389358139369184,0.467827230832335,0.46430867532148,0.460030669471855,1
"pvalue218","hsa.mir.99b",1.49536313140332,0.650103946971666,0.130623289457471,0.976516512133606,-0.266468456070605,0.943014281209438,-0.532914674731023,0.876690307131907,0.20964298064122,0.6112173262673,-0.116418390818283,0.81277129685256,-0.0122525844508013,0.979960813032085,0.137022579555298,0.615779122009965,-0.147341259526936,0.604049301368906,-0.235548586301462,0.407082402542685,0.573085345895015,0.570973436089173,0.567850337534704,1
